Quary,Answer,,
星级上云项目中,"南京市-溧水区的支持政策名称是《溧水区支持制造业高质量发展十条政策（试行）》；发布时间是2020年3月24日；具体内容是1.省级以上星级上云企业，给予最高100万元奖励(2021年三星5万、四星10万，五星15万)；申报时间是2022年2月28日-2022年4月2日，申报方式是线上：在江苏省工业互联网示范企业公共服务平台（www.dxplat.com）填报申报信息，并严格按照星级上云企业申报要求如实在平台上传项目申报电子版材料（附件2、3、4）。南京市-高淳区的政策名是《高淳区精准支持企业与产业链发展若干意见》的通知；发布时间是2023年10月8号；具体内容是企业“星级上云”三星、四星、五星分别给予2万元、6万元、10万元的奖励，晋级予以差额补助。南京市-栖霞区暂无奖补，区里面还在争取。南京市-秦淮区；文件名是《关于推进重点特色产业发展的若干政策举措（试行）》；具体内容是推动企业运用云计算技术推动业务创新，对当年通过评定的三星级、四星级、五星级上云企业，经认定，分别给予1万元、3万元、5万元一次性奖励。苏州市的支持政策名是《苏州市推进制造业智能化改造、数字化转型措施》；发布时间是2021年9月1日；申报的方式是线上+线下，线上：苏州市财政专项资金申报平台(https://www.szzxzjsb.com) 2021年9月3日至2021年10月8日 线下：向项目所在地工信部门提供纸质版申报材料，扫描上传申报材料（线上）；其具体内容为鼓励中小企业上云用平台：对完成省级三星级、四星级、五星级的上云企业分别给予不高于1万、5万、10万的一次性补贴。无锡市的支持政策的名称是《关于发布2023年度无锡市工业转型升级资金项目指南及组织项目申报的通知》；发布时间是2023年5月9日；具体内容是1.对获评省五星级上云企业的企业给予最高50万元的一次性奖励。南通市经济开发区其发布时间是2022年5月13日。其政策名称是《南通开发区关于进一步促进企业高质量发展的若干政策意见》，其支持政策的具体内容是对当年认定为省级三星、四星、五星上云的企业分别一次性奖励3万元、6万元、12万元。南通市-启东市的支持政策名称是《启东市制造业智能化改造和数字化转型三年行动计划》；其发布时间是2022年3月8日；其主要内容是对新认定为省级以上五星级、四星级、三星级上云企业的，分别给予20万元、10万元、5万元的奖励。南通市通州区的支持政策其发布时间是2022年6月8日。其政策名称是《通州区支持企业“智改数转”的若干政策意见》，其支持政策的具体内容是对新认定的省级四星级、五星级上云企业分别给予10万元、15万元奖励。淮安市的支持政策的名称是《关于推动制造业高质量发展的实施意见》。淮安市-淮阴县,其支持政策的奖补情况是对获批省级示范智能车间、省级示范智能工厂的，分别给予200万元、400万元奖励。淮安市-清江浦区的支持政策的发布时间是2020年8月31日。其政策名称是2019年度清江浦区工业和信息产业发展资金项目，其支持政策的申报方式是线下申报主体向项目所在地园区、镇（街道）提出项目申请，按要求提供项目申报材料。项目所在地园区、镇（街道）根据项目具体申报要求和标准，对项目申报材料进行初审后推荐上报区工信局、区财政局。项目申报受理截止时间为2020年9月10日，其支持政策的奖补情况是1.被评定为省五星级、省四星级、省三星级“上云企业”的企业，一次性分别奖励20万元、10万元、2万元。苏州市吴江区的支持政策，其发布时间是2021年1月20日。其政策名称是《苏州市吴江区高质量发展政策》发布时间：2021年1月20日，其支持政策的申报时间和类别是其支持政策规定的申报方式是材料上报所在区（镇）初审，并由区（镇）分管领导签字确认并加盖公章2021.02.01-2021.03.20（具体截止时间根据各区/镇通知）其支持政策的具体内容是1.年度评定为省五星级、四星级和三星级“上云”企业，分别给予20万元、10万元、3万元的奖励；苏州市相国区的支持政策，其发布时间是2022年4月1日。其政策名称是《2022年度苏州市相城区工业经济高质量发展专项资金项目》2022年4月，其支持政策的申报时间和类别是《苏州市吴江区高质量发展产业扶持政策的若干实施意见》（自2019年12月25日起施行。）其支持政策规定的申报方式是材料上报所在区（镇）初审，并由区（镇）分管领导签字确认并加盖公章2021.02.01-2021.03.20（具体截止时间根据各区/镇通知）其支持政策的具体内容是1.鼓励中小企业上云用平台：三星级上云最高10万元、四星级上云最高20万元、五星级上云最高50万元的奖励；苏州市吴中区的支持政策其发布时间是2020年5月27日。其政策名称是《关于促进吴中区工业经济高质量发展若干政策措施意见》有效期：2021年5月1日至2023年12月31日，其支持政策的申报时间和类别是2020年度促进吴中区工业经济高质量发展及加快机器人与智能制造产业提升专项资金项目申报ht其支持政策规定的申报方式是线上+线下线上：苏州市吴中区专项资金管理信息平台（http://221.224.15.177:6060），时间限制是2020.7.21-2020.8.5。方式是线下：一式三份交至项目所在地经信办2020.7.21-2020.8.5其支持政策的具体内容是1.对成功创建星级上云企业，按照三星、四星、五星三个等级分别给予最高3万元、5万元、10万元的一次性补贴。苏州市昆山区的支持政策其发布时间是《区政府印发关于促进吴中区工业经济高质量发展若干政策措施意见的通知》（自2021年5月1日至2023年12月31日。）。其政策名称是关于推进制造业智能化改造和数字化转型的若干措施的通知有效期至2024年2月25日，其支持政策的申报时间和类别是昆山市高质量发展（工业经济）专项资金（两批）第一批：2020.03.10第二批：2020.09.18其支持政策规定的申报方式是线上+线下线下：企业申报材料（纸质1份，按A4纸规格装订成册）经区镇审核盖章（申报主体所在地区镇人民政府章）线上：网址是http://www.kststis.com，进入“2020年企业项目申报入口”，有关文本格式和要求在网站查询和下载其支持政策的具体内容是1.对获评省三星级、四星级、五星级的上云企业，分别给予最高1万元、5万元、10万元奖励。苏州市常熟区的支持政策其发布时间是2021年2月4日。其政策名称是《关于推进制造业智能化改造和数字化转型的若干措施》，其支持政策的申报时间和类别是2020年度提升存量企业竞争力若干政策项目申报2020年度提升存量企业竞争力若干政策项目申报指南-常熟市人民政府网站(changshu.gov.cn)其支持政策规定的申报方式是线下纸质材料，申报时间是2021.4.8-2021.4月底其支持政策的具体内容是1.对获评省五星级、四星级、三星级上云的企业，给予最高10万元、5万元、3万元的奖励。苏州工业园区的支持政策其发布时间是2023年6月2日。其政策名称是2023年苏州市、苏州工业园区示范智能车间申报开始，其支持政策的申报时间和类别是市级示范智能车间其支持政策规定的申报方式是申请流程：请申报企业线下提供市级盖章申请表的纸质件；线上提供汇总表电子版、园区申请表（含承诺书）和市级申请表和申报书（含承诺书）盖章扫描件PDF版。（一）线上申请（截止日期：2023年6月23日）通过苏州工业园区企业发展服务中心官网（http://sme.sipac.gov.cn）——企业用户登录——业务征集平台，选择“2023年苏州市、苏州工业园区示范智能车间申报工作的通知”点击报名进入填报页面下载并上传相关附件。（二）线下提交材料（截止日期：2023年6月23日）纸质材料市级申请表无需胶装，一式一份（附件2）送至园区企业发展服务中心4号窗口（市场大厦2楼）。苏相合作区企业材料请递交至漕湖大厦7楼707室顾金星处。注：申报2023年苏州市智能车间的车间项目可同时申报区级车间（线上直接上传园区申报表即可）。纸质材料须从园区申报系统打印申报材料索引页，并且胶装在申报材料中最后一页。联系电话：企服热线：67068000企服二处：67068092经发委：66681027苏相合作区69575373其支持政策的具体内容是奖补：三星上云1万，四星上云3万，五星上云5万（园区经发局直接口头反馈）。苏州市太仓区的支持政策，其发布时间是2021年1月13日。其政策名称是《关于推进制造业智能化改造和数字化转型的若干措施》，其支持政策的申报时间和类别是2021年张家港市工业和信息化产业转型升级专项资金关于组织申报2021年张家港市工业和信息化产业转型升级专项资金的通知-张家港市人民政府(zjg.gov.cn)其支持政策规定的申报方式是线下电子档+纸质版2020.4.9-2020.5.10其支持政策的具体内容是1.对获评省三星级、四星级、五星级的上云企业，根据实际投入一次性分别给予不高于3万元、10万元、20万元的补贴。",其发布时间是2022年2月10日；其主要内容是对被认定为省四星 、五星级上云的企业，分别奖励10万元、20万元。常州市的支持政策的名称是《市工信局关于做好2022年首批星级上云企业申报工作的通知 》；其发布时间是2022年2月10日；其申报时间是2022年2月28日-2022年4月11日（其中，五星级的申报截止日期为2022年4月25日）。报名方式是线上：江苏省工业互联网示范企业公共服务平台（简称：苏工服平台，www.dxplat.com）将于2022年2月28日开通申报。请各申报企业按照要求在平台填报申报信息，并严格按照星级上云企业申报要求如实在平台上传项目申报电子版材料（附件2、3、4）；主要内容是按照各辖市（区）绩效完成情况给予切块资金的奖励。对省工业互联网发展示范企业（五星上云）给予一次性奖励，奖励金额不超过10万元。三星级1万元、四星级5万元。盐城市的支持政策是《关于组织申报2022年度盐城市市本级先进制造业发展专项资金项目的通知》；发布时间是2022年1月30日；主要内容是对首次被评为省五星、四星级上云企业，分别给予50万元、20万元一次性奖励。镇江市的支持政策的名称是《关于支持制造业智能化改造和数字化转型的若干政策措施》；发布时间是2022年3月29日；其具体内容是对获评省五星级、四星级的上云企业，分别给予不高于 8 万元、3 万元的补贴。扬州市的支持政策的名称是《关于加快推进制造业智能化改造和数字化转型的实施意见》；发布时间是2022年2月24日，有效期3年；具体内容是新获批省五星级上云企业，给予最高10万元的奖励。连云港市的支持政策的名称是《关于组织申报助企纾困解难财政补贴资金工信类项目的通知》；发布时间是2022年6月15日；具体内容是对于2021年度市区获得的三星级上云企业奖励2万元/家，四星级上云企业奖励6万元/家。徐州市的支持政策的名称是《市政府关于加快发展工业互联网推进企业上云的实施意见》；发布时间是2019年6月6日；具体内容是1.对在省星级上云企业评定中获批的五星级、四星级、三星级上云企业，分别给予15万元、10万元、5万元的一次性奖励；对购买公有云服务的企业按省补助标准进行1:1配套补助。宿迁市的支持政策的名称是《宿迁市建设长三角先进制造业基地 三年行动计划（2021－2023年）》；发布时间是2021年；具体内容是1.对当年获省认定的五星级“上云”企业每户奖励20万元、四星级“上云”企业每户奖励10万元、三星级“上云”企业每户奖励5万元。,其发布时间是2022年2月10日；其主要内容是对被认定为省四星 、五星级上云的企业，分别奖励10万元、20万元。常州市的支持政策的名称是《市工信局关于做好2022年首批星级上云企业申报工作的通知 》；其发布时间是2022年2月10日；其申报时间是2022年2月28日-2022年4月11日（其中，五星级的申报截止日期为2022年4月25日）。报名方式是线上：江苏省工业互联网示范企业公共服务平台（简称：苏工服平台，www.dxplat.com）将于2022年2月28日开通申报。请各申报企业按照要求在平台填报申报信息，并严格按照星级上云企业申报要求如实在平台上传项目申报电子版材料（附件2、3、4）；主要内容是按照各辖市（区）绩效完成情况给予切块资金的奖励。对省工业互联网发展示范企业（五星上云）给予一次性奖励，奖励金额不超过10万元。三星级1万元、四星级5万元。盐城市的支持政策是《关于组织申报2022年度盐城市市本级先进制造业发展专项资金项目的通知》；发布时间是2022年1月30日；主要内容是对首次被评为省五星、四星级上云企业，分别给予50万元、20万元一次性奖励。镇江市的支持政策的名称是《关于支持制造业智能化改造和数字化转型的若干政策措施》；发布时间是2022年3月29日；其具体内容是对获评省五星级、四星级的上云企业，分别给予不高于 8 万元、3 万元的补贴。扬州市的支持政策的名称是《关于加快推进制造业智能化改造和数字化转型的实施意见》；发布时间是2022年2月24日，有效期3年；具体内容是新获批省五星级上云企业，给予最高10万元的奖励。连云港市的支持政策的名称是《关于组织申报助企纾困解难财政补贴资金工信类项目的通知》；发布时间是2022年6月15日；具体内容是对于2021年度市区获得的三星级上云企业奖励2万元/家，四星级上云企业奖励6万元/家。扬州市的支持政策的名称是《市政府关于加快发展工业互联网推进企业上云的实施意见》；发布时间是2019年6月6日；具体内容是1.对在省星级上云企业评定中获批的五星级、四星级、三星级上云企业，分别给予15万元、10万元、5万元的一次性奖励；对购买公有云服务的企业按省补助标准进行1:1配套补助。宿迁市的支持政策的名称是《宿迁市建设长三角先进制造业基地 三年行动计划（2021－2023年）》；发布时间是2021年；具体内容是1.对当年获省认定的五星级“上云”企业每户奖励20万元、四星级“上云”企业每户奖励10万元、三星级“上云”企业每户奖励5万元。
工业互联网平台项目,国家政策是其发布时间是2021年。其政策名称是1、工业和信息化部办公厅关于组织推荐2021年度国家中小企业公共服务示范平台的通知工信厅企业函〔2021〕90号工业和信息化部办公厅关于组织推荐2021年度国家中小企业公共服务示范平台的通知工信厅企业函〔2021〕90号，其具体内容是1、提供工业互联网产业发展、供应商能力分级、企业评估等综合服务2、汇集供应商资源与企业需求，促进精准对接。，其目标是打造一批“平台+产品”“平台+模式”“平台+行业/区域”创新解决方案。南京市的支持政策的文件名是《关于2022年南京市工业和信息化发展专项资金项目申报的通知》 发布时间是2022年10月21日 具体内容是1、项目总投入不低于500万元，且软件投入（购置费、合作费、集成费）不少于总投入的30%，人工费用不超过总投入的20%。 2、项目在2022年6月30日（含）前已建成并正常投入使用，并在项目申报截止日期前由项目推荐单位完成验收工作（须由项目推荐单位出具验收意见）。 3、同等条件下，对2021年以来认定的省（含）以上重点工业互联网平台优先予以支持。  申报时间是网上申报受理时间为2022年10月25日至2022年11月10日，逾期不再受理申报。 申报方式是采取网上申报方式进行，在南京市工业和信息化局官网或“宁企通”平台上，点击“南京市工业和信息化发展专项资金项目申报和监管平台”进入申报页面，在线填写项目申报表，并上传其他申报材料。 奖补情况是按不超过项目总投入的10%予以补助，单个项目支持额度不超过50万元。  无锡的支持政策的文件名是《《无锡市加快智能化改造数字化转型绿色化提升若干政策措施》》 发布时间是2022年3月30日 具体内容是获得工信部工业互联网平台试点示范、省级重点工业互联网平台的企业给予最高100万元的一次性奖励。  南通市的支持政策的文件名是《关于印发支持制造业倍增和服务业繁荣的若干政策意见的通知 》 发布时间是2022年4月25日 具体内容是对新认定的省级以上工业互联网平台、工业互联网标杆工厂、省级以上“数动未来”融合创新中心，给予5万元奖励。  淮安市的支持政策的文件名是《关于推动制造业高质量发展的实施意见》 发布时间是2022年2月10日 具体内容是对被认定为市级、省级工业互联网标杆工厂的企业，奖励１０万元、５０万元；对被认定为省级、国家级工业互联网平台的企业，分别奖励５０万元、１００万元。  盐城市的支持政策的文件名是《盐城市先进制造业发展办法》, 其发布时间是2023年3月24日； 其具体内容是标识解析二级节点项目，支持标识解析二级节点项目，对首次申报完成与国家顶级节点对接，且近2年累计标识解析量达到1亿、接入企业数达到300家的二级节点建设单位，给予300万元一次性奖励。首次被评为省五星上云企业，给予50万元一次性奖励。支持电信运营商新建5G基站(宏站)，年内建成500个以上的，按照市区范围内每个基站2500元奖励。年内建成1000个以上的，按照市区范围内每个基站3000元奖励，每个运营商年度奖励不超过500万元  镇江市的支持政策的文件名是《关于支持制造业智能化改造和数字化转型的若干政策措施》 发布时间是2022年3月29日 主要内容是对获评省级工业互联网平台、工业互联网标杆工厂的企业给予20万元的奖励。   扬州市的政策包括《江苏省制造业智能化改造和数字化转型三年行动计划(2022-2024年)》 《扬州市关于加快推进制造业智能化改造和数字化转型的实施意见》 《扬州市“十四五”工业经济高质量发展规划》 发布时间是2023年8月1日 具体内容省级及以上工业互联网平台，按照不高于年平台投入的13%给予补助，最高500万元   泰州市的支持政策文件名是《关于组织2023年泰州市工业经济转型升级专项资金项目申报工作的通知》 发布时间是2023年4月4日 具体内容是1、申报主体另需符合以下特定条件：①企业在建或已完成互联网化提升项目，需围绕研发设计协同化、生产管控集成化、购销经营平台化、制造服务网络化等重点环节提升互联网融合创新发展水平；②软件和配套硬件等2022年投资（不含税）达200万元以上，且软件投入（包括购置费、开发费、测试验证费、项目咨询费、人工费等，其中人工费用不超过总投入的10%）不少于总投入的30%。项目总投入包括设备、工具、器具等固定资产投资（仅包含可实现联网和数据采集或为实现上述目的采购相关硬件发生的投入），以及与项目有关的软件、系统集成、检验检测、专利等其他投入。 2、奖励标准：对企业在上述重点环节实施信息化改造、软件和配套硬件等投资（不含税）达200万元以上，且软件投资占比不低于30%的项目，按不超过项目投入（不含税）的12%给予补助，单个项目最高150万元。  连云港的支持支持政策的文件名是《连云港市制造业智能化改造和数字化转型实施方案》 发布时间是2022年2月28日 具体内容是对获国家认定的跨行业跨领域工业互联网平台、省级认定的工业互联网标杆工厂和工业电商平台分别给予最高200万元、80万元和60万元奖励。  徐州市的支持政策的文件名是《关于组织开展2022年徐州市企业技术中心认定工作的通知》 发布时间是2022年2月24日 具体内容是一、申报领域及条件 申报领域为工业类。优先支持我市工程机械与智能装备、新能源、集成电路与ICT、生物医药与大健康、新材料、节能环保、食品及农副产品加工、钢铁冶金、绿色化工、建筑建材、数字经济、汽车等主导产业，以及5G、工业互联网、大数据、物联网、人工智能、区块链等新兴行业。申报企业要求诚信经营，近两年内（指申请当年向前推算两年）无涉税违法、走私、重大产品质量事故或重大安全责任事故等严重失信记录等行为。  ,
5G全连接工厂项目,国家的支持政策是其发布时间是2020年、2021年。其政策名称是1、两部门关于组织开展5G+医疗健康应用试点项目申报工作的通知2、“5G+工业互联网”十个典型应用场景和五个重点行业实践3、“5G+工业互联网”512工程推进方案.docx，其具体内容是1、支持工业企业建设5G全连接工厂，推动5G应用从外围辅助环节向核心生产环节渗透，加快典型场景推广。2、探索5G专网建设及运营模式，规划5G工业互联网专用频率，开展工业5G专网试点。3、建设公共服务平台，提供5G网络化改造、应用孵化、测试验证等服务。，其目标是到2023年，建成8个“5G+工业互联网”公共服务平台。南京市的支持政策的文件名是《关于做好2022年度5G全连接工厂申报工作的通知》 发布时间是2022年9月20日 具体内容是1、申报项目应符合《5G全连接工厂建设指南》（附件1），使用的关键技术装备、工业软件须安全可控。 2、申报项目须为已建成项目。已获得国家5G全连接工厂试点示范项目的，不再参与本次申报。 苏州市的支持政策的文件名是《苏州市推进制造业智能化改造、数字化转型措施》 发布时间是同资金申报项目 基本内容是加快“5G+工业互联网”发展：重点推动5G在垂直行业的先导应用；对市级垂直行业试点示范项目给予最高100万元奖励； 常州市的支持政策的文件名是《关于组织申报2021年工业高质量发展专项资金项目的通知》 发布时间是2021年5月12日 具体内容是对先导区内的“5G+工业互联网”建设项目，每个给予最高50万元奖励，总额最高200万元；打造省级“5G+工业互联网”全连接工厂，给予最高100万元奖励；建设多场景融合、多系统集成、多设备协同的“5G+工业互联网”应用项目，每个给予最高50万元奖励；对入选省级5G应用优秀案例，每项给予最高20万元奖励。   连云港的支持支持政策的文件名是《连云港市制造业智能化改造和数字化转型实施方案》 发布时间是2022年2月28日 具体内容是对入选国家、省级、市级示范应用案例的试点示范项目分别给予最高50万元、30万元、10万元奖励。支持企业建设5G全连接工厂，对被认定为5G全连接工厂的企业给予最高100万元奖励。  徐州市的支持政策的文件名是《关于转发省工信厅《关于加快推进5G全连接工厂建设的通知》的通知》 发布时间是2023年3月2日 具体内容是（一）强化组织、明确目标。至2023年底，各区域新签约5G融合应用项目数量不少于10个，开展5G全连接工厂建设企业数量不少于2个，经开区、铜山区、高新区新增省级5G全连接工厂数量各1个。 （二）摸清底数、树立标杆。做好本地情况摸底，深度挖掘有条件、有意向开展5G全连接工厂建设的企业，结合本地产业结构情况，重点培育行业龙头企业、优势产业链链主企业开展5G全连接工厂建设，快速形成示范引领作用。 （三）政策支持、宣传引导。充分发挥财政资金引导作用，鼓励各县(市)区对已建成的5G应用项目给予支持，本年度组织5G融合应用专项供需对接会等专题活动不少于1场， 营造5G融合应用快速发展的良好氛围。 （于3月10日前将2023年度5G全连接工厂项目清单电子版和盖章扫描件反馈至信息化发展处） ,,
高端化改造升级项目中,南京市的政策其发布时间是2022年10月24日。其政策名称是关于组织2023年度江苏省工业和信息产业转型升级专项资金项目申报入库的通知，其项目将补申请是按不超过项目总投入的10%予以补助，单个项目支持额度最高不超过4000万元。首次拨付补助资金总额的50%，通过验收审核后，拨付剩余资金其具体内容是一、申报条件（1）项目实施地在江苏省域内，符合重点方向要求，研发类项目不予支持。（2）重大技术改造项目总投入不低于1亿元，产业基础再造项目总投入不低于5000万元。项目总投入不含税额，包括设备、工具、器具等固定资产投资（不含土建投资和铺底流动资金），以及与项目相关的软件系统集成、检验检测、专利等其他投入。（3）项目备案（核准）、环评、能评等手续完备（无需相关手续的须由项目推荐单位作出说明）。（4）项目已开工建设（须由项目所在地工信部门出具开工证明）但尚未竣工。（5）优先支持列入省重大工业项目清单的项目。二、支持数量不超过30个。南京市的第二批政策其发布时间是2023年6月27日。其政策名称是关于征集南京市第二批智能化改造和数字化转型服务商的通知，其支持政策的具体内容是一、征集对象聚焦中小企业数字化转型需求，重点征集解决方案集成商、工业软件提供商、智能装备及自动化产线提供商，加速形成“小快轻准”（小型化、快速化、轻量化、精准化）的数字化解决方案和专项产品服务能力。二、申报要求1.申报主体在南京市内注册、具备独立法人资格，运营和财务状况良好，具有较好的社会信用，上一年度营业收入达2000万元以上（含）。2.服务团队规模达30人以上（含），能够持续稳定提供高质量服务。3.具有较深的行业知识积累、较好的工程实施能力和较为完善的行业服务生态，有3个以上成功的项目实施案例。4.对获评江苏省智能制造领军服务机构、纳入江苏省智能化改造和数字化转型服务资源池的单位，予以优先遴选。已入选2022年南京市第一批智能化改造和数字化转型解决方案集成商、智能装备及自动化产线提供商、工业软件提供商的单位不再重复申报。，其支持政策的奖补情况是三、申报流程南京市智能化改造和数字化转型服务商申报遵循自愿申报、择优确定和公开、公平、公正的原则，具体申报流程如下：1.申报主体填报服务商申报书（附件3），报送至各区（开发区）工信部门。2.各区（开发区）工信部门对申报材料进行审核，向市工业和信息化局行文推荐。3.市工业和信息化局组织遴选工作，经形式审查、专家评审、综合审核等环节，择优入选市智能化改造和数字化转型服务资源池。四、工作要求1.各区（开发区）工信部门要加强服务商培育发展工作，支持入池服务商做大做强，联合入池服务商开展供需对接、标杆培育、宣传培训等活动，推广中小企业数字化转型案例标杆，带动更多中小企业转型逐步深入。2.市工业和信息化局将根据服务绩效对资源池实行动态管理，并优先推荐申报省级领军服务商。对服务弄虚作假、不正当竞争造成恶劣影响的服务商，将取消资源池资格。3.请各区（开发区）工信部门于2023年7月14日前，将《申报书》及推荐汇总表（一式一份，加盖公章）上报市工业和信息化局信息化建设与发展处，电子档同步报送指定邮箱。联系人：张诗桂，电话：68788911，邮箱：njgxxjc@163.com。扬州市的支持政策其发布时间是2022年2月24日，有效期3年。其政策名称是《关于加快推进制造业智能化改造和数字化转型的实施意见》，其支持政策的具体内容是对年智能制造设备、软件和技术服务投资额达到2000万元以上的项目，按照不高于投资额的13%给予补助，最高600万元。无锡市的支持政策其发布时间是2022年3月30日。其政策名称是《无锡市加快智能化改造数字化转型绿色化提升若干政策措施》，其支持政策的具体内容是1.技术和设备投资额300万元以上的智能制造示范项目择优给予补助，不超过其投资额的10%，最高1000万元。2.技术和服务投资额50万元以上的企业两化融合项目择优给予补助，不超过其投资额的10%，最高100万元。3.新一代信息技术应用示范项目分档择优给予一次性奖励，最高300万元。。,,
专精特新项目中,江苏省的政策。淮安市的支持政策其发布时间是2023年5月19日。其政策名称是《关于印发淮安市专精特新企业培育三年行动计划（2023—2025年）的通知》，其支持政策的申报方式是申报方式，其支持政策的奖补情况是奖补情况。南京市的支持政策。连云港的支持政策其发布时间是2022年6月15日。其政策名称是《关于组织申报助企纾困解难财政补贴资金工信类项目的通知》，其支持政策的具体内容是支持方向及奖补标准。对获得国家级制造业单项冠军企业（产品）或国家专精特新小巨人认定的，给予100万元奖励；获得省“小巨人”企业认定的，奖励50万元；获得省“专精特新”产品认定的，给予10万元/个的奖励；获得市级小巨人企业认定的，奖励20万元；获得市“专精特新”产品认定的，给予5万元/个的奖励。之前已兑付的部分不再重复兑付。南通市的政策是其发布时间是2023年8月4日。其政策名称是（参照《关于组织开展2023年度省级专精特新中小企业申报认定和2020年度省级专精特新企业复核工作的通知》），其支持政策的具体内容是一、申报条件1、在南通市范围内注册，具有独立法人资格，并具备健全的财务管理制度，经营状况良好，近三年内无严重失信行为、无违法记录。2、具备提供咨询规划、系统解决方案、工业信息安全、工业基础服务、智能装备、工业互联网等方面的服务能力，拥有一定的发明专利、软件著作权等核心技术支撑证明。3、具有服务南通市制造业企业智能化改造和数字化转型方面的业绩和经验，拥有相关技术人员团队及良好的售后运维能力。4、具有在相关行业领域可示范推广的智能化改造数字化转型应用场景和解决方案案例。5、已入选工信部智能制造系统解决方案供应商推荐目录、获评江苏省智能制造领军服务机构、纳入江苏省工业互联网服务资源池、南通市智能化改造和数字化转型服务资源池的单位，在同等条件下予以优先支持。二、相关要求1、请申报单位如实填报《2023年南通市智能化改造和数字化转型优秀服务商申报书》（附件1），并提供相关佐证材料。2、在不涉及商业机密的情况下，申报单位若自愿公开分享经验，请填报《智能化改造数字化转型应用场景/解决方案案例申报书》（附件2），并提供3分钟以内的视频资料。3、请各地工信部门积极组织相关服务商申报，对申报材料进行初审，将初审后符合条件的服务商推荐至市工信局，并填写《2023年南通市智能化改造和数字化转型优秀服务商申报汇总表》（附件3）。4、请各地将初审符合条件的服务商申报材料和工信部门汇总表（盖章件各一份），于6月30日前报送至市工信局，PDF扫描件同步报送至邮箱。三、其他事项1、市工信局将组织专家对申报材料进行评审，对入选的优秀服务商给予星级评定并向社会公布，对服务绩效突出的给予资金扶持。2、市工信局将组织专家对申报单位报送的智能化改造数字化转型应用场景和解决方案案例进行评审，分行业、分领域择优向社会发布，供广大制造业企业学习、借鉴。联系人：顾炜，联系电话：85215715邮箱：lhrhc.gxj@nantong.gov.cn地址：南通市崇川区世纪大道6号行政中心综合楼1120室。苏州市的政策其发布时间是2022年11月14日。其政策名称是2022年度扬州市中小企业发展专项资金项目申报指南，其支持政策的申报时间和类别是其支持政策规定的申报方式是申报企业填写申报书，盖章后报所在县级市（区）工信部门。各县级市（区）工信部门于6月24日前，将企业申报书、行文请示、汇总表、审核推荐表（均需盖章）各一式一份报送至市工信局，电子文档同步报送。其支持政策的具体内容是1.2021年新认定的国家级、省级专精特新“小巨人”企业。2.企业近三年主营业务收入平均增长3%以上。3.主导产品销售收入占主营业务收入比重50%以上，企业近三年研发投入占主营业务收入比重平均达3%以上。4.企业上年度用于创新升级、管理升级、安全升级的项目综合投入（包括关键技术研发、设备更新、购买专业化服务等）不低于300万元（不含税，须提供专项审计报告）。按不超过项目综合投入的10%予以补助，最高不超过50万元。宿迁市的政策其发布时间是2021年。其政策名称是《宿迁市建设长三角先进制造业基地三年行动计划（2021－2023年）》，其支持政策的具体内容是5.支持企业争创国家制造业单项冠军企业（产品）和省级以上“专精特新”小巨人企业（产品），对获批国家级的奖励100万元，获批省级的奖励30万元。对首次入选省独角兽、潜在独角兽、瞪羚企业的，分别给予200万、100万、50万元奖励。无锡市的支持政策其发布时间是2022年12月1日。其政策名称是《市政府办公室关于印发无锡市促进“专精特新”中小企业高质量发展若干政策的通知》、《无锡市为专精特新“小巨人”企业办实事清单》（有效期至2025年12月31日），其支持政策的具体内容是对于首次获评国家专精特新“小巨人”企业、省“专精特新”中小企业的，市财政分别给予50万元、30万元的一次性奖励；对通过复审的国家专精特新“小巨人”企业、省“专精特新”中小企业，市财政分别给予30万元、20万元的一次性奖励；对外地迁入的国家专精特新“小巨人”企业、省“专精特新”中小企业，迁入当年视作首次获评进行奖励。徐州市的支持政策其发布时间是2022年。其政策名称是《徐州市“专精特新”中小企业培育攻坚三年行动方案（2022-2024年）》，其支持政策的具体内容是国家级60万元，省级40万元，市级20万元。,,
智能制造示范车间项目,江苏省的支持政策其发布时间是2023年6月28日。其政策名称是关于做好2023年省级智能制造示范车间申报工作的通知，其项目将补申请是按不超过项目总投入的10%予以补助，单个项目支持额度最高不超过1000万元。其具体内容是一、申报智能制造示范车间的企业须符合以下基本条件:1.企业是在江苏省境内注册、具有独立法人资格且正常经营一年以上(截至2022年12月31日)的制造业企业。2.企业具有健全的财务管理机构和制度，诚信守法，近三年未发生重大及以上安全、环保、质量事故，无严重失信行为。3.企业申报的车间在2023年5月31日前已建成并正常投产使用。二、申报方式请各设区市工信部门于7月21日前将请示文件（一式两份）、申报汇总表、审核情况表、智能制造示范车间申请表、企业营业执照（复印件）、真实性承诺书报送至省工业和信息化厅投资与技术改造处，并将电子文档发送至邮箱tzc1904@163.com。联系人：投资与技术改造处联系方式：025-69652786/69652864注：原则上一家企业只能申报一个车间，已获得两个及以上省级智能制造示范车间（省级示范智能车间）的企业不得再次申报。南京市的支持政策其发布时间是2022年10月21日。其政策名称是关于2022年南京市工业和信息化发展专项资金项目申报的通知，其支持政策的具体内容是1、项目总投入须不低于500万元。2、项目备案（核准）、环评、能评等手续完备。3、项目在2022年6月30日（含）前已建成并正常投产使用，并在项目申报截止日期前由项目推荐单位完成验收工作（须由项目推荐单位出具验收意见）。4、同等条件下，智能制造示范车间项目优先支持列入2021年度江苏省省级智能制造示范车间名单的企业。，其支持政策的奖补情况是项目申报采取网上申报方式进行，在南京市工业和信息化局官网或“宁企通”平台上，点击“南京市工业和信息化发展专项资金项目申报和监管平台”进入申报页面，在线填写项目申报表，并上传其他申报材料。网上申报受理时间为2022年10月25日至2022年11月10日，逾期不再受理申报。连云港的支持政策其发布时间是2023年6月27日。其政策名称是《关于做好2023年省级、市级智能制造示范车间申报工作的通知》，其支持政策的具体内容是一、请各县（区）工信部门组织企业认真对照智能制造示范车间申报条件进行自我评价，填报《智能制造示范车间申请表》，原则上一家企业只能申报一个车间，已获得两个及以上省级智能制造示范车间（省级示范智能车间）的企业不得再次申报省级智能制造示范车间。企业应对申报材料的真实性负责，并出具真实性承诺书。二、企业申报材料：申请表、承诺书和营业执照复印件。三、请各县（区）工信部门严格对照申报条件，在做好申报组织工作的同时，对企业申报材料进行认真审核把关，并填报智能制造示范车间推荐审核情况表。四、请各县（区）工信部门行文推荐上报市工信局，并填报智能制造示范车间申报汇总表。于7月10日前将请示文件（附推荐审核情况表、申报汇总表）、企业申报材料报送至市工信局投资与技术改造处，电子文档请扎口汇总后发送至邮箱：85804826@163.com。五、省级、市级智能制造示范车间申报工作同步推进，市工信局将在县区推荐审核的基础上开展材料审核、现场核查，认定市级智能制造示范车间，并从中择优推荐申报省级智能制造示范车间。联系人：市工信局张曜晖，85806653，市财政局周勇，85521162。无锡的支持政策其发布时间是2023年6月26日。其政策名称是《转发省工业和信息化厅关于做好2023年省级智能制造示范车间申报工作的通知》，其支持政策的具体内容是现将省工业和信息化厅《关于做好2023年省级智能制造示范车间申报工作的通知》（苏工信投资〔2023〕241号）转发给你们，请按照通知要求，组织企业认真对照申报条件，按申报目标进行申报（见附件），并对申报材料严格审核把关后于7月14日（星期五）前，将请示文件、申报汇总表、审核情况表以及工业资源利用绩效评价结果（均盖章，一式一份），智能制造示范车间申请表、企业营业执照复印件和真实性承诺书（均盖章、胶装，一式三份），会同企业信用报告、工业企业工业控制系统信息安全承诺书（均盖章、一式一份），报送至市工业和信息化局智能制造推进处，所有申报材料电子文档一并上报。联系人：王阿红，联系电话：81821741，电子邮箱：wxjxwqxc@163.com。宿迁市的支持政策其发布时间是2021年。其政策名称是《宿迁市建设长三角先进制造业基地三年行动计划（2021－2023年）》，其支持政策的具体内容是2.对获批省级示范智能工厂的，奖励200万元。对获批省级示范智能车间的奖励50万元，市级示范智能车间的择优奖励5万元。徐州市的支持政策其发布时间是2021年9月3日。其政策名称是2021年度市级技术改造专项资金申报指南，其支持政策的具体内容是五县（市）、铜山区（高新区）、贾汪区、经开区、鼓楼区、云龙区、泉山区、港务区获评2021年度省级智能制造示范车间的企业，每个省级示范智能车间奖励15万元。南通市的支持政策其发布时间是2022年4月25日。其政策名称是关于印发支持制造业倍增和服务业繁荣的若干政策意见的通知，其支持政策的具体内容是推进智能制造提升，对新认定的国家智能制造试点示范、省级示范智能工厂（车间），分别给予20万元、5万元奖励。,,
两化融合相关项目中,"江苏的支持政策其发布时间是2023年6月30日。其政策名称是《省委网信办省发展改革委省工业和信息化厅省生态环境厅省通信管理局关于开展江苏省数字化绿色化协同转型发展服务资源池单位征集工作的通知》，其项目将补申请是按不超过项目总投入的10%予以补助，单个项目支持额度最高不超过1000万元。其具体内容是一、征集对象本次服务资源池拟征集数字产业绿色发展服务商、数字赋能传统产业服务商、“双化协同”生态支撑服务商等3类，共约60家。二、申报条件（一）申报主体应具备法人资格，主要包括制造业企业、电子信息企业、软件与信息服务业企业、互联网企业、电信运营商、高校和科研院所等。电信运营商、银行等由于行业特殊性，允许以分支机构进行申报。（二）申报主体应具有较强的经济实力、技术研发和融合创新能力，运营和财务状况良好，应满足《江苏省“双化协同”服务资源池单位征集范围》（附件1）中相应条件，在该领域内有较好的业绩水平，行业认可度较高（原则上成立时间不少于3年），无不良记录。（三）申报主体对申报材料的真实性负责，填报内容应遵守中华人民共和国现行法律法规，无知识产权纠纷，资信良好，企业单位在国家企业信用信息公示系统中无不良记录，法人、业务技术人员无犯罪记录，无网络意识形态安全风险问题，无重特大网络安全事件和网络安全重大问题。三、组织方式本次服务资源池单位征集工作拟采取“自主申报+各地各部门扎口推荐”方式进行。主要分为四个阶段：（一）省内外申报单位自主填写《江苏省数字化绿色化协同转型发展服务资源池单位申报书》（附件2）。（二）各设区市市委网信办会同市发展改革委、市工业和信息化局、市生态环境局和市通信管理工作有关单位共同对属地服务资源池申报单位材料进行初审、排序推荐上报，各地原则上不超过10家；省各有关主管部门对省内各行业领域服务资源池申报单位材料进行初审并推荐报送，各部门原则上不超过3家；省外申报单位材料直接报省委网信办受理。（三）省委网信办会同省有关部门对服务资源池申报单位材料进行资格审查，组织专家评审，审议公示后发布。（四）省委网信办会同省发展改革委、省工业和信息化厅、省生态环境厅、省通信管理局等省“双化协同”联席会议成员单位，加强入选服务资源池单位典型案例宣传推介，搭建行业交流合作平台，组织各类供需对接活动，促进优秀产品和服务应用推广，打造行业发展标杆服务商，优先推荐申报国家相关项目。四、材料报送请各设区市市委网信办、省各有关主管部门将填写好的《江苏省数字化绿色化协同转型发展服务资源池单位申报书》及《推荐意见函》（省外申报单位只需填写《江苏省数字化绿色化协同转型发展服务资源池单位申报书》）纸质版加盖公章各一式三份于2023年7月20日前报送至省委网信办，地址：江苏省南京市浦口区团结路99号江北新区研创园孵鹰大厦A座516室，邮编：211899，电子版发送至邮箱：jsszhlshyxalzj@163.com。联系人：省委网信办，徐栋，025-86292805,13951083326；省发展改革委，孙瑶，025-83390189；省工业和信息化厅，郑青贺，025-69652705；省生态环境厅，许蓉，025-58527076；省通信管理局，张志元，025-63090022。淮安市的支持政策其发布时间是2022年2月10日。其政策名称是《关于推动制造业高质量发展的实施意见》，其支持政策的奖补情况是对通过两化融合管理体系（升级版）贯标ＡＡ级的企业奖励１５万元，ＡＡＡ级及以上的企业奖励２０万元。南京市的支持政策其发布时间是20230904。其政策名称是《南京市全力促进经济持续回升向好若干政策措施》，其支持政策的具体内容是加大“两业”融合发展试点激励，对新认定为国家级服务型制造示范企业给予100万元奖励，对获评国家级“两业”融合发展试点单位、省级“两业”融合发展标杆单位的企业，分别给予200万元、50万元奖励。，其支持政策的奖补情况是三、征集程序（一）请各区（开发区）工业和信息化主管部门，组织本地区企业积极参与申报，做好工业软件优秀产品、首版次工业软件产品应用试点项目的审核把关、遴选推荐工作。（二）请各推荐单位填写工业软件优秀产品、首版次工业软件产品应用试点项目推荐表（附件1），申报企业填写《工业软件优秀产品申报书》（附件2）、《首版次工业软件产品应用试点项目申报书》（附件3），加盖公章后的申报书扫描件报推荐单位审查。推荐单位请于2023年5月19日前，将上述材料盖章后的扫描件发送至联系人邮箱。联系人：林卿联系电话：025-68788858电子邮箱：54286586@qq.com。连云港市的支持政策其发布时间是2022年2月28日。其政策名称是《连云港市制造业智能化改造和数字化转型实施方案》（有效期三年），其支持政策的具体内容是对通过两化融合管理体系贯标评定的企业，按照评定分级，对5A级、4A级、3A级、2A级、A级分别给予最高60万元、50万元、40万元、20万元、10万元奖励。宿迁市的支持政策其发布时间是2021年。其政策名称是《宿迁市建设长三角先进制造业基地三年行动计划（2021－2023年）》，其支持政策的具体内容是3.鼓励企业实施两化融合管理体系贯标2.0，对当年通过两化融合管理体系贯标评定的企业，按照评定分级，5A级、4A级、3A级、2A级分别奖励20万元、15万元、10万元、5万元。无锡市的支持政策其发布时间是2023年5月9日。其政策名称是《关于发布2023年度无锡市工业转型升级资金项目指南及组织项目申报的通知》，其支持政策的具体内容是5.对技术和服务投资额50万元以上的企业两化融合项目，按照不超过其项目技术和服务投资额的10%最高100万元。徐州市的支持政策其发布时间是2022年2月21日。其政策名称是《关于组织开展2022年江苏省两化融合管理体系贯标示范企业培育遴选工作的通知》发布时间，其支持政策的具体内容是一、申报流程1.各申报企业须在两化融合服务平台（www.cspiii.com/pg）上完成企业两化融合水平的自评估，评估结果作为整个示范培育的必要条件。2.各地主管部门将推荐汇总表和企业的申报材料盖章纸质版（一式两份）于2022年3月28日前报送至市工信局，相应电子文档（可无公章）发送至指定邮箱。二、注意事项1、申报对象为在徐州市内注册的企业，不限行业。2021年度省两化融合贯标A级、AA级、AAA级试点企业不再列入同级别示范企业培育对象。2、本次示范培育分A级、AA级、AAA级三个级别，企业可根据两化融合建设情况直接申报相应级别培育。3、2021年度通过两化融合管理体系贯标A级、AA级、AAA级认定的企业，不得申报同级别示范企业培育，但可申报更高级别示范企业培育对象。4、省工信厅将于5月份公布2022年度贯标示范培育企业名单，并推进咨询服务机构与培育企业结对子。2022年11月30日前通过两化融合管理体系AAA级贯标评定审核的培育对象，可申报本年度省两化融合管理体系贯标示范企业，具体时间另行通知。扬州市的支持政策其发布时间是2022年2月24日，有效期3年。其政策名称是《关于加快推进制造业智能化改造和数字化转型的实施意见》，其支持政策的具体内容是通过国家两化融合管理体系贯标，取得2A级、3A级评定证书的企业，分别给予最高15万元、20万元的奖励。",,
绿色企业、绿色工厂项目中,江苏省的支持政策其发布时间是2023年4月24日。其政策名称是关于开展第四批省级绿色工厂暨第一批省级绿色工业园区推荐工作的通知，其项目将补申请是按不超过项目总投入的10%予以补助，单个项目支持额度最高不超过1000万元。其具体内容是一、基本条件2023年度省级绿色工厂、绿色工业园区名单遴选工作依照《关于印发江苏省绿色制造体系建设实施方案的通知》（苏经信节能〔2016〕725号）明确的推荐程序，按照“优中选优、宁缺毋滥”的原则，组织开展申报。鼓励各地建立完善本地区绿色制造标杆培育机制，发布市级绿色制造名单，对纳入名单的企业、工业园区予以优先推荐。近三年有下列情况的，不得申报绿色制造名单：未正常经营生产的；发生较大及以上安全（含网络安全、数据安全）、质量、环境污染等事故以及偷漏税等违法违规行为的；被动态调整出绿色制造名单的；在省级以上有关部门督查中发现存在严重问题的；被列入工业节能监察整改名单且未按要求完成整改的；被列为失信被执行人的。（一）绿色工厂。各设区市要根据本地区产业结构特点，遴选工作基础好、代表性强的企业进行申报。申报企业应为省内工商管理部门登记注册、从事生产经营并具有独立法人资格的企业，且生产经营状况良好，年销售收入在2亿元以上。评价请参照《关于印发江苏省绿色制造体系建设实施方案的通知》中的相关要求编写《江苏省绿色工厂评价报告》（附件1），已发布绿色工厂评价行业标准的（可登录工业和信息化部节能与综合利用司网站查看），需按照行业标准要求进行评价。（二）绿色工业园区。各地区要组织工业基础好、基础设施完善、绿色制造水平高的工业园区进行申报，推荐的绿色工业园区需是以产品制造为主要功能、工业增加值占比超过50%、园区内省级以上绿色制造名单内企业占比5%以上、具有法定边界和范围、具备统一管理机构、在满足全部基本条件的前提下，园区绿色指数需在80分(含)以上的省级及以上工业园区。绿色工业园区申报请参照《关于印发江苏省绿色制造体系建设实施方案的通知》中的相关要求编写《江苏省绿色工业园区评价报告》（附件2）。2023年起，推荐国家级绿色工业园区将从省级认定的绿色工业园区中产生。二、推荐程序（一）组织评价。满足基本条件且自愿申报的企业、工业园区，对照《绿色工厂评价通则》（GB/T36132-2018）、工信部发布的绿色工厂评价行业标准、《关于印发江苏省绿色制造体系建设实施方案的通知》等进行评价，并形成规范评价报告（附件1、2）。（二）初审推荐。评价合格的企业、工业园区，向所在地工信部门提交评价报告。各设区市工信局对企业、工业园区提交的申报材料及绿色制造情况进行初审，符合条件的，正式行文向省工信厅推荐。（三）评审确认。省工信厅收到各设区市推荐材料后，按程序开展评审，对通过评审的企业、工业园区，在省工信厅官方网站公示5个工作日。公示无异议的企业、工业园区，列入江苏省第四批绿色工厂、第一批绿色工业园区名单。三、工作要求（一）各地要结合本地区产业结构特点，绿色工厂的推荐需从列入2023年度绿色工厂创建培育计划名单中产生，选择行业代表性强、绿色制造基础好的龙头骨干企业或专业性强、特色鲜明、创新性高的中小企业，根据行业特点，突出关键绿色化指标的先进性，指导企业按照有关要求开展评价，编制评价报告，并切实加强对申报企业评价结果和证明材料的把关。（二）各地要严把质量、择优推荐，将绿色工厂、工业园区评价报告（附件1、2），绿色工厂、工业园区推荐汇总表（附件3、4），于2023年7月31日前连同申报材料（一式一份，同时报电子版）行文上报省工业和信息化厅。（三）请各地区切实加强对绿色制造名单内企业、工业园区的跟踪指导和动态管理，建立绿色制造水平关键指标定期报送机制，组织绿色制造名单企业、工业园区填报绿色制造动态管理表，并对动态管理表中明确的各项关键指标进行审核，对于绿色制造水平关键指标不符合绿色制造评价要求的，要组织进行现场评估，提出动态调整意见报省工信厅。请于2023年4月30日前将第七批国家级绿色制造名单和前三批省级绿色工厂名单动态管理表电子版通过工业节能与绿色发展管理平台报送工业和信息化部（节能与综合利用司）。联系人：韩杰电话：025-69652992。淮安市的支持政策其发布时间是2022年2月10日。其政策名称是《关于推动制造业高质量发展的实施意见》，其支持政策的奖补情况是对新获批市级绿色标杆企业、省级、国家级绿色工厂的，分别给予２０万、５０万元、１００万元奖励。南京市的支持政策其发布时间是2023年4月25日。其政策名称是关于开展第四批省级绿色工厂暨第一批省级绿色工业园区推荐工作的通知（2023年4月26日），其支持政策的具体内容是一、基本条件2023年度省级绿色工厂、绿色工业园区名单遴选工作依照《关于印发江苏省绿色制造体系建设实施方案的通知》（苏经信节能〔2016〕725号）明确的推荐程序，按照“优中选优、宁缺毋滥”的原则，组织开展申报。近三年有下列情况的，不得申报绿色制造名单：未正常经营生产的；发生较大及以上安全（含网络安全、数据安全）、质量、环境污染等事故以及偷漏税等违法违规行为的；被动态调整出绿色制造名单的；在省级以上有关部门督查中发现存在严重问题的；被列入工业节能监察整改名单且未按要求完成整改的；被列为失信被执行人的。（一）绿色工厂。各板块要根据本地区产业结构特点，遴选工作基础好、代表性强的企业进行申报。申报企业应为市内工商管理部门登记注册、从事生产经营并具有独立法人资格的企业，且生产经营状况良好，年销售收入在2亿元以上。评价请参照《关于印发江苏省绿色制造体系建设实施方案的通知》中的相关要求编写《江苏省绿色工厂评价报告》（附件1），已发布绿色工厂评价行业标准的（可登录工业和信息化部节能与综合利用司网站查看），需按照行业标准要求进行评价。（二）绿色工业园区。各板块要组织工业基础好、基础设施完善、绿色制造水平高的工业园区进行申报，推荐的绿色工业园区需是以产品制造为主要功能、工业增加值占比超过50%、园区内省级以上绿色制造名单内企业占比超过5%、具有法定边界和范围、具备统一管理机构、在满足全部基本条件的前提下，园区绿色指数需在80分(含)以上的省级及以上工业园区。绿色工业园区申报请参照《关于印发江苏省绿色制造体系建设实施方案的通知》中的相关要求编写《江苏省绿色工业园区评价报告》（附件2）。2023年起，推荐国家级绿色工业园区将从省级认定的绿色工业园区中产生。，其支持政策的奖补情况是二、推荐程序（一）组织评价。满足基本条件且自愿申报的企业、工业园区，对照《绿色工厂评价通则（GB/T36132-2018）、工信部发布的绿色工厂评价行业标准、《关于印发江苏省绿色制造体系建设实施方案的通知》等进行评价，并形成规范评价报告（附件1、2）。（二）初审推荐。评价合格的企业、工业园区，向所在板块工信部门提交评价报告。各板块工信局对企业、工业园区提交的申报材料及绿色制造情况进行初审，符合条件的，正式行文向市工信局推荐。三、工作要求（一）各板块要结合本地区产业结构特点，绿色工厂的推荐需从列入2023年度绿色工厂创建培育计划名单中产生，选择行业代表性强、绿色制造基础好的龙头骨干企业或专业性强、特色鲜明、创新性高的中小企业，根据行业特点，突出关键绿色化指标的先进性，指导企业按照有关要求开展评价，编制评价报告，并切实加强对申报企业评价结果和证明材料的把关。（二）各地要严把质量、择优推荐，将绿色工厂、工业园区评价报告（附件1、2），绿色工厂、工业园区推荐汇总表（附件3、4），于2023年7月10日前连同申报材料（一式一份，同时报电子版）行文上报市工业和信息化局。（三）请各地区切实加强对已纳入绿色制造名单内的企业、工业园区的跟踪指导和动态管理，建立绿色制造水平关键指标定期报送机制，组织绿色制造名单企业、工业园区填报绿色制造动态管理表，并对动态管理表中明确的各项关键指标进行审核，对于绿色制造水平关键指标不符合绿色制造评价要求的，要将相关情况报市工信局。请于2023年4月28日前通过工业节能与绿色发展管理平台报送第七批国家级绿色制造名单和前三批省级绿色工厂名单的动态管理表。连云港的支持政策其发布时间是2022年6月15日。其政策名称是《关于组织申报助企纾困解难财政补贴资金工信类项目的通知》，其支持政策的具体内容是（1）获得工信部认定的国家级绿色供应链，奖励100万元；（2）获得工信部认定的国家级绿色工厂，奖励80万元；（3）获得省工信厅认定的省级绿色工厂，奖励50万元；（4）获得市工信局认定的市级绿色工厂，奖励20万元。苏州市的支持政策其发布时间是2023年4月26日。其政策名称是第四批省级绿色工厂暨第一批省级绿色工业园区推荐工作开始，关于组织2022年苏州市市级打造先进制造业基地专项资金项目申报的通知其支持政策规定的申报方式是线上+线下其支持政策的具体内容是一、基本条件2023年度省级绿色工厂、绿色工业园区名单遴选工作依照《关于印发江苏省绿色制造体系建设实施方案的通知》（苏经信节能〔2016〕725号）明确的推荐程序，按照“优中选优、宁缺毋滥”的原则，组织开展申报。近三年有下列情况的，不得申报绿色制造名单：未正常经营生产的；发生较大及以上安全（含网络安全、数据安全）、质量、环境污染等事故以及偷漏税等违法违规行为的；被动态调整出绿色制造名单的；在省级以上有关部门督查中发现存在严重问题的；被列入工业节能监察整改名单且未按要求完成整改的；被列为失信被执行人的。（一）绿色工厂各县级市（区）工信部门要根据本地区产业结构特点，遴选工作基础好、代表性强的企业进行申报。申报企业应为苏州大市内工商管理部门登记注册、从事生产经营并具有独立法人资格的企业，且生产经营状况良好，年销售收入在2亿元以上。评价请参照《关于印发江苏省绿色制造体系建设实施方案的通知》中的相关要求编写《江苏省绿色工厂评价报告》（附件1），已发布绿色工厂评价行业标准的（可登录工业和信息化部节能与综合利用司网站查看），需按照行业标准要求进行评价。（二）绿色工业园区各县级市（区）工信部门要组织工业基础好、基础设施完善、绿色制造水平高的工业园区进行申报，推荐的绿色工业园区需是以产品制造为主要功能、工业增加值占比超过50%、园区内省级以上绿色制造名单内企业占比5%以上、具有法定边界和范围、具备统一管理机构、在满足全部基本条件的前提下，园区绿色指数需在80分(含)以上的省级及以上工业园区。绿色工业园区申报请参照《关于印发江苏省绿色制造体系建设实施方案的通知》中的相关要求编写《江苏省绿色工业园区评价报告》（附件2）。2023年起，推荐国家级绿色工业园区将从省级认定的绿色工业园区中产生。二、推荐程序（一）组织评价满足基本条件且自愿申报的企业、工业园区，对照《绿色工厂评价通则》（GB/T36132-2018）、工信部发布的绿色工厂评价行业标准、《关于印发江苏省绿色制造体系建设实施方案的通知》等进行评价，并形成规范评价报告（附件1、2）。（二）初审推荐评价合格的企业、工业园区，向所在地工信部门提交评价报告。各县级市（区）工信部门对企业、工业园区提交的申报材料及绿色制造情况进行初审，符合条件的，正式行文向市工信局推荐。（三）评审确认省工信厅将按程序开展评审，对通过评审的企业、工业园区，在省工信厅官方网站公示5个工作日。公示无异议的企业、工业园区，列入江苏省第四批绿色工厂、第一批绿色工业园区名单。三、工作要求（一）各县级市（区）工信部门要结合本地区产业结构特点，绿色工厂的推荐需从列入2023年度绿色工厂创建培育计划名单中产生，选择行业代表性强、绿色制造基础好的龙头骨干企业或专业性强、特色鲜明、创新性高的中小企业，根据行业特点，突出关键绿色化指标的先进性，指导企业按照有关要求开展评价，编制评价报告，并切实加强对申报企业评价结果和证明材料的把关。（二）各县级市（区）工信部门要严把质量、择优推荐，并于7月14日前将本地区的绿色工厂、工业园区评价报告（附件1、2），绿色工厂、工业园区推荐汇总表（附件3、4），推荐文等申报材料（一式一份，同时报电子版）报送至苏州市工业和信息化局节能与综合利用处。（三）各县级市（区）工信部门切实加强对绿色制造名单内企业、工业园区的跟踪指导和动态管理，建立绿色制造水平关键指标定期报送机制，组织绿色制造名单企业、工业园区填报绿色制造动态管理表，并对动态管理表中明确的各项关键指标进行审核，对于绿色制造水平关键指标不符合绿色制造评价要求的，要组织进行现场评估，提出动态调整意见报市工信局。无锡市的支持政策其发布时间是2022年3月30日。其政策名称是《无锡市加快智能化改造数字化转型绿色化提升若干政策措施》，其支持政策的具体内容是4.年节能量达到200吨标准煤的节能改造项目和节能量达到5O吨标准煤的合同能源管理项目，每吨标准煤奖励最高500元，单个项目最高200万元。5.节能环保和可再生能源技术（产品)推广项目智慧化能源监测管理项目，节水、节材、废弃物资源化、再制造等资源综合利用项目清洁生产、循环经济等碳中和项目，不超过其投资额的10%，单个项目最高200万元。6.淘汰落后用能设备、节能信息服务、节能基础管理等绿色制造支撑能力建设项目，按照具体成效分档择优给予补助，最高100万元。,,
智能制造示范工厂项目,南京是的支持政策是其发布时间是2022年9月30日。其政策名称是关于开展2023年江苏省智能制造示范工厂申报工作的通知，其支持政策的具体内容是1、申报企业具有良好的智能制造基础，通过智能制造数据资源公共服务平台开展智能制造能力成熟度自评估，达到国家标准《智能制造能力成熟度模型》（GB/T39116-2020）二级及以上。2、申报工厂应符合江苏省智能制造示范工厂项目建设要点（附件1），使用的关键技术装备、工业软件须安全可控。，其支持政策的奖补情况是于2022年10月20日前将加盖有效公章的纸质版项目申报书（一式三份）、推荐审核情况表（附件3）、申报汇总表（附件4）以及推荐行文（一式两份）报送至市工业和信息化局信息化建设与发展处（联系人：裴玉蓉，电话：025-68788901），并将电子版文档发送至邮箱295672702@qq.com。连云港市的支持政策是其发布时间是2022年2月28日。其政策名称是《连云港市制造业智能化改造和数字化转型实施方案》（有效期三年），其支持政策的具体内容是对经认定的国家、省智能制造示范工厂分别给予最高200万元、100万元奖励。,,
,,,
国家的支持政策文件中包含哪些项目？,工业设备网络化“5G+工业互联网”。跨行业跨领域综合型工业互联网平台。重点行业和区域的特色型工业互联网平台。特定技术领域的专业型工业互联网平台。工业设备和业务系统上云上平台。平台应用服务。工业互联网公共服务平台。平台技术供给质量。“工业互联网+安全生产”。网络安全。智能化制造。工业互联网大数据中心。高质量工业APP。平台间数据互联互通。,,
国家支持政策中名为工业设备网络化的项目。,其发布时间是2021年。其政策名称是1、工业和信息化部办公厅关于开展2021年度国家新型工业化产业示范基地申报工作的通知国家新型工业化产业示范基地申报条件.pdf，其具体内容是1、支持工业企业对工业现场“哑设备”进行网络互联能力改造，支撑多元工业数据采集。2、提升异构工业网络互通能力，推动工业设备跨协议互通。，其目标是支持地方和龙头企业建设10个工业互联网园区网络，开展面向龙头企业和中小企业的网络互联试点示范。。,,
国家支持政策中名为跨行业跨领域综合型工业互联网平台的项目。,其发布时间是2021年。其政策名称是1、关于组织开展2021年新一代信息技术与制造业融合发展试点示范工作的通知2021年新一代信息技术与制造业融合发展试点示范实施方案.doc，其具体内容是打造具有国际影响力的工业互联网平台，深化工业资源要素集聚，加速生产方式和产业形态创新变革。，其目标是打造3～5家有国际影响力的综合型工业互联网平台。,,
国家支持政策中名为重点行业和区域的特色型工业互联网平台的项目。,其发布时间是2021年。其政策名称是1、关于组织开展2021年新一代信息技术与制造业融合发展试点示范工作的通知2021年新一代信息技术与制造业融合发展试点示范实施方案.doc，其具体内容是1、聚焦数字基础好、带动效应强的重点行业，打造行业特色工业互联网平台，推动行业知识经验在平台沉淀集聚。2、面向制造资源集聚程度高、产业转型需求迫切的区域，打造区域特色工业互联网平台，推动平台在“块状经济”产业集聚区落地。，其目标是70个行业区域特色平台。,,
国家支持政策中名为特定技术领域的专业型工业互联网平台的项目。,其发布时间是2021年。其政策名称是1、关于组织开展2021年新一代信息技术与制造业融合发展试点示范工作的通知2021年新一代信息技术与制造业融合发展试点示范实施方案.doc，其具体内容是围绕特定工业场景和前沿信息技术，建设技术专业型工业互联网平台，推动前沿技术与工业机理模型融合创新，支撑构建数据驱动、软件定义、平台支撑、服务增值、智能主导的新型制造体系。，其目标是70个行业区域特色平台。,,
国家支持政策中名为工业设备和业务系统上云上平台的项目。,其发布时间是2021年。其政策名称是附件：工业互联网创新发展行动计划（2021-2023年）.doc，其具体内容是1、培育设备上云公共服务平台，推动行业龙头企业核心业务系统云化改造，带动产业链上下游中小企业业务系统云端迁移。2、鼓励地方政府通过创新券、服务券等方式降低上云门槛和成本，创新“挖掘机指数”“空压机指数”等新型经济运行指标。，其目标是面向发展基础良好的特定区域，支持建设20家区域一体化平台，加速区域产业资源共享和设备上云。,,
国家支持政策中名为平台应用服务的项目。,其发布时间是2021年。其政策名称是附件：工业互联网创新发展行动计划（2021-2023年）.doc，其具体内容是开发和推广平台化、组件化的工业互联网行业系统解决方案，培育解决方案服务商，建立平台解决方案资源池和分类目录，开展服务商能力评价。，其目标是打造一批“平台+产品”“平台+模式”“平台+行业/区域”创新解决方案。,,
国家支持政策中名为平台技术供给质量的项目。,其发布时间是2021年。其政策名称是附件：工业互联网创新发展行动计划（2021-2023年）.doc，其具体内容是1、加强平台设备接入、知识沉淀、应用开发等支持能力。2、突破研发、生产、管理等基础工业软件，加速已有工业软件云化迁移，形成覆盖工业全流程的微服务资源池。3、深化“平台+5G”“平台+人工智能”“平台+区块链”等技术融合应用能力。，其目标是到2023年，工业企业及设备上云数量比2020年翻一番。,,
国家支持政策中名为“工业互联网+安全生产”的项目。,其发布时间是2021年。其政策名称是1、《“工业互联网+安全生产”行动计划（2021-2023年）》2、工业互联网企业网络安全分类分级指南（试行）.pdf3、工业和信息化部办公厅关于开展工业互联网企业网络安全分类分级管理试点工作的通知4、GB／T36324-2018信息安全技术工业控制系统信息安全分级规范.pdf，其具体内容是1、针对原材料、危险化学品、矿山、民爆、烟花爆竹等重点行业领域，构建基于工业互联网的安全生产感知、监测、预警、处置及评估体系2、建立风险特征库、失效数据库、安全生产评估模型和工具集，提升工业企业安全生产水平，其目标是到2023年，工业企业及设备上云数量比2020年翻一番。,,
国家支持政策中名为网络安全的项目。,其发布时间是2021年。其政策名称是1、2021年新一代信息技术与制造业融合发展试点示范实施方案.doc2、工业和信息化部办公厅关于组织推荐2021年国家技术创新示范企业的通知，其具体内容是1、针对PLC、数据采集与监视控制系统（SCADA）、远程信息处理器（T-BOX）等关键核心领域，鼓励重点网络安全企业和工业企业联合攻关，打造具备内嵌安全功能的设备产品2、支持云服务企业、网络安全企业在重点城市联合建设安全运营服务中心，实施中小企业“安全上云”工程3、面向装备、电子信息等重点行业，支持工业龙头企业建设一批具有广泛影响力的安全公共服务平台4、流程工业、离散工业差异化特点，加快形成优秀安全解决方案和供应商目录，实现供需快速精准对接。5、重点企业建设集中化安全态势感知和综合防护系统，提升网络和数据安全技术能力6、业主管部门制定分类分级系列安全标准规范，明确企业设备、控制、网络、平台、应用、数据等的安全防护基本要求，开展PLC等重点设备、SCADA等重要系统、工业互联网平台、工业APP动态安全检测评估，其目标是到2023年，分类分级管理模式在全国范围深入推广。建设20个集约化安全运营服务中心、具有较大影响力的重点行业安全公共服务平台，面向工业互联网重点应用领域打造10个网络安全创新应用先进示范区。。,,
国家支持政策中名为智能化制造的项目。,其发布时间是2021年。其政策名称是关于组织推荐第六批制造业单项冠军和复核第三批制造业单项冠军的通知工业和信息化部办公厅关于开展2021年度绿色制造名单推荐工作的通知，其具体内容是1、鼓励大型企业加大5G、大数据、人工智能等数字化技术应用力度2、提升研发设计、工艺仿真、生产制造、设备管理、产品检测等智能化水平，实现全流程动态优化和精准决策。，其目标是到2023年，面向垂直细分行业，形成100个左右新模式应用试点示范。其政策名称是《关于开展2023年度智能制造试点示范行动的通知》（工信厅联通装函〔2023〕212号），其具体内容是（一）申报主体为在中华人民共和国境内注册，具有独立法人资格（石油石化、有色金属等有行业特殊情况的，允许法人的分支机构申报），近三年经济效益较好且信用记录良好的企业。已经承担智能制造示范工厂揭榜任务的主体不再重复申报。（二）申报主体的智能制造水平应处于国内领先地位，具有较强的示范引领作用，使用的关键技术装备、工业软件安全可控，解决方案无知识产权纠纷。（三）智能制造示范工厂申报主体应当开展智能制造能力成熟度自评估，达到国家标准GB/T39116-2020《智能制造能力成熟度模型》二级及以上或满足相关行业智能制造指导性文件要求。（四）申报主体愿意主动配合开展现场评估和宣传总结，积极推广典型经验。（五）申报材料详细描述建设场景，重点突出、言简意赅、逻辑严密，能从实施方法、实施要素等方面提供借鉴、引导创新，具有较强的可读性，不涉及国家秘密、商业秘密等内容。每个场景描述控制在3000字以内，可配图说明。（六）申报主体近三年未发生重大、特大安全生产事故，重大、特大环境事故，无违法违规行为。，其目标是到2023年，面向垂直细分行业，形成100个左右新模式应用试点示范。其政策名称是《工业互联网标识管理办法》.docx，其具体内容是1、培育一批系统集成解决方案供应商，拓展冷链物流、应急物资、智慧城市等领域规模化应用。组织开展全国工业互联网标识创新大赛，遴选100个典型应用案例。2、面向汽车、船舶、仪器仪表等重点领域，加快推动基于5G、窄带物联网（NB-IoT）等技术的主动标识载体规模化应用，部署不少于3000万枚，建设各类主动标识载体可信管理平台。3、建设标识数据服务资源池，提升行业、产业数据服务效率。，其目标是引导企业建设二级节点不少于120个、递归节点不少于20个。构建基于标识解析的区块链基础设施，支持各地部署不少于20个融合节点，提供基于区块链的标识资源分配、管理、互操作等基础服务。。,,
国家支持政策中名为工业互联网大数据中心的项目。,其发布时间是2021年。其政策名称是2021年大数据产业发展试点示范项目申报和实施指南.doc，其具体内容是1、面向政府提供工业经济和产业运行监测指挥、应急事件预警协调等服务2、面向行业提供数据管理能力提升、工业资源共享、解决方案推广等服务，为企业提供设备与业务系统上云、产融合作、供需对接等服务。3、加强工业互联网推广应用与银行保险机构数字化转型的联动衔接，搭建基于工业互联网的中小微企业数据集成和共享平台，探索工业互联网大数据在金融服务中的应用，其目标是到2023年，基本建成国家工业互联网大数据中心体系，建设20个区域级分中心和10个行业级分中心。,,
国家支持政策中名为高质量工业APP的项目。,其发布时间是2021年。其政策名称是2021年大数据产业发展试点示范项目申报和实施指南.doc，其具体内容是1、发展普适性强、复用率高的基础共性工业APP，以及基于知识图谱和智能算法的可适性工业APP。2、打造一批经济价值高、推广作用强的行业通用工业APP。3、面向特定领域、特定场景个性化需求，培育一批企业专用工业APP。4、发展基于数字孪生技术的工业智能解决方案，支持开源社区、开发者社区建设，发展工业APP商店，促进工业APP交易流转。，其目标是建设高质量的工业微服务和工业APP资源池，工业APP数量达到50万个。,,
国家支持政策中名为平台间数据互联互通的项目。,其发布时间是2021年。其政策名称是2021年大数据产业发展试点示范项目申报和实施指南.doc，其具体内容是1、构建平台数据字典互认机制，统一工业数据、算法模型、微服务等调用接口；2、推动机理模型和工业APP的跨平台调用与订阅，打造协同发展、多层次系统化平台体系，其目标是建设高质量的工业微服务和工业APP资源池，工业APP数量达到50万个。,,
,,,
江苏省的名为工业互联网标杆工厂的项目。,其发布时间是2022年10月24日。其政策名称是关于组织2023年度江苏省工业和信息产业转型升级专项资金项目申报入库的通知，其项目将补申请是按不超过项目总投入的10%予以补助，单个项目支持额度最高不超过1000万元。其具体内容是一、申报条件①项目的申报主体须为2018年以来省级（含）以上工业互联网标杆工厂，通过国家两化融合管理体系贯标（A级（含）以上等级），且在省两化融合贯标联盟完成贯标备案审核。②项目备案(核准）、环评、能评等手续完备（无需相关手续的须由项目推荐单位做出说明）。③项目在2021年1月1日（含）至2022年6月30日（含）期间完工，并在项目申报截止日期前由项目推荐单位完成验收工作（须由项目推荐单位出具验收意见）。④项目总投入不低于3000万元。项目总投入不含税额，包括设备、工具、器具等固定资产投资（不含土建投资和铺底流动资金），以及与项目相关的工业软件、云资源及网络费用、调试安装费用、咨询、设计、检测、评价等投入。其中，软件、系统集成、公私有云等投入不低于300万元。⑤按照《江苏省工业互联网标杆工厂建设指南》，在制造系统能力、企业标杆能力、业态模式创新等方面，至少有3项（含）细分指标比认定时提升（须提供第三方测试报告）。二、申报主体符合条件的规模以上工业企业三、支持数量不超过10个,,
江苏省的名为“5G+工业互联网”融合应用的项目。,其发布时间是2022年10月24日。其政策名称是关于组织2023年度江苏省工业和信息产业转型升级专项资金项目申报入库的通知，其项目将补申请是按不超过项目总投入的10%予以补助，单个项目支持额度最高不超过1000万元。其具体内容是（1）支持条件①项目实施区域内5G网络全面覆盖，搭建边缘计算系统（MEC），应用设备全部联网，其中，基于5G网络连接的设备无线联网率（5G方式联网设备/所有无线方式联网设备）不低于50%。②将5G技术集成应用于生产各环节中，应用工信部发布的场景数量不少于8个，应用标识解析开展数据连接，推动数据/信息的查找和追溯。③项目备案（核准）、环评、能评等手续完备（无需相关手续的须由项目推荐单位作出说明）。④项目在2021年1月1日（含）至2022年6月30日（含）期间完工，并在项目申报截止日期前由项目推荐单位完成验收工作（须由项目推荐单位出具验收意见）。⑤项目总投入不低于2000万元。项目总投入不含税额，包括利用5G技术完成智能化改造的设备、信息化硬件（工具、器具），以及与项目相关的工业软件、云资源及网络费用、调试安装费用、咨询、设计、检测、评价等投入。其中，软件、系统集成、公私有云等投入不低于300万元。（2）申报主体符合条件的规模以上工业企业（3）支持数量不超过10个,,
江苏省的名为智能制造领军服务机构的项目。,其发布时间是2022年6月28日。其政策名称是《江苏省智能制造领军服务机构遴选培育实施方案（试行）》关于印发《江苏省智能制造领军服务机构遴选培育实施方案（试行）》的通知.pdf附件1-江苏省智能制造领军服务机构申报书0720.doc关于开展2022年江苏省智能制造领军服务机构遴选工作的通知，其项目将补申请是按不超过项目总投入的10%予以补助，单个项目支持额度最高不超过1000万元。其具体内容是（一）在江苏省域内注册、具有独立法人资格且正常经营一年以上（截至2021年12月31日）。（二）2021年主营业务收入不少于3000万元，具有健全的财务管理机构和制度。（三）诚信守法，近三年内未发生重大及以上安全、环保、质量事故，无严重失信行为。（四）具有较强的综合集成服务能力和完善的服务体系，在申报行业具有良好的品牌影响力和资源整合力，已经形成3个及以上可复制、可推广、示范性强的场景案例。（五）拥有自主核心技术，其中智能制造系统集成技术相关的授权专利不少于6项（发明专利不少于1项）或与智能制造相关的软件著作权不少于10项，且近三年内无知识产权侵权行为。（六）符合国家智能制造系统解决方案供应商联盟发布的《智能制造系统解决方案供应商规范条件》规定条件的，优先遴选推荐。,,
江苏省的名为工业互联网服务资源池的项目。,其发布时间是2021年7月30日。其政策名称是关于充实和加强省工业互联网服务资源池建设工作的通知关于充实和加强省工业互联网服务资源池建设工作的通知.pdf附件1：江苏省工业互联网服务资源池入池申请和分类分级评估工作说明（试行）.docx，其项目将补申请是按不超过项目总投入的10%予以补助，单个项目支持额度最高不超过1000万元。其具体内容是1在江苏省工业互联网示范企业公共服务平台（www.dxplat.com）填报申报信息，并按照《江苏省工业互联网服务资源池入池申请和分类分级评估工作说明（试行）》（附件1）（以下简称：评估说明）相关要求，如实在平台上传项目申报电子版材料（附件2）2江苏省工业互联网服务资源池分类分级评估工作采用线上评估的方式，依托江苏省工业互联网示范企业公共服务平台开展。3资源池现有单位可在本文件发出后的1年内根据评估说明的相关要求申请评级，1年内未通过评估的池内单位将予以除名；目前未纳入江苏省工业互联网服务资源池单位的可根据评估说明进行评级申请，通过评估后将纳入江苏省工业互联网服务资源池并进行分级管理。4已认定的省重点工业互联网平台和省工业电子商务重点培育平台的服务商可根据评估说明要求，仅需线上填报信息，并上传申请表，以及省重点工业互联网平台和省工业电子商务重点培育平台的认定文件，在满足申报基本条件的情况下可直接评估为三星级综合（特色）工业互联网平台服务商。如申请更高星级，需根据评估说明要求准备详细材料并在线上进行提交。5分类分级评估每半年度组织开展1次，定级后最早可在下一年度同一批次申请升级评估。每次定级有效期3年，到期前服务商应进行复评，超期未复评的将除名，从而建立起资源池的循环滚动机制。6请各地工信局根据评估说明，做好本地服务商分类分级的组织、发动工作，按规定的时间节点做好申报材料的准备、录入、审核、报送等工作,,
江苏省的名为专项资金入库的项目。,其发布时间是2022年10月24日。其政策名称是关于组织2023年度江苏省工业和信息产业转型升级专项资金项目申报入库的通知，其项目将补申请是按不超过项目总投入的10%予以补助，单个项目支持额度最高不超过1000万元。其具体内容是（一）在江苏省域内注册，具有独立的法人资格且正常经营1年以上（截至2022年6月30日）。其中，“i创杯”大赛获奖、工业互联网标识解析等前瞻类以及转移至苏北的项目申报主体可不受经营年限限制。（二）具有健全的财务管理机构和制度。（三）诚信守法，近三年未发生重大（含）以上安全、环保、质量事故（事件），无严重失信行为。（四）同一申报单位原则上只能申报一个项目，已获得江苏省工业和信息产业转型升级专项资金支持但尚未完成验收的单位，本次不得再申报项目（省级以上授牌认定奖励、省委省政府部署的重大展会、重大活动项目除外）。（五）同一项目获得过国家和省级财政资金支持的，不再予以支持。（六）申报项目的相关发票不得重复使用。（七）《项目指南》明确的具体申报条件。,,
江苏省的名为“千企升级”企业入库培育和创新型中小企业评价的项目。,其发布时间是2022年7月26日。其政策名称是关于组织开展2022年度“千企升级”企业入库培育和创新型中小企业评价工作的通知，其项目将补申请是按不超过项目总投入的10%予以补助，单个项目支持额度最高不超过1000万元。其具体内容是（一）新增企业申报入库。按自愿申报原则，新增企业在平台上按要求进行注册申报入库。各地结合实际，参考《江苏省“千企升级”三年行动计划（2020-2022年）》的“企业分类入库标准条件”和《工信部优质中小企业梯度培育管理暂行办法》的“创新型中小企业评价标准”，围绕先进制造业集群和产业链关键核心环节，聚焦工业“六基”领域（核心基础零部件、核心基础元器件、关键软件、先进基础工艺、关键基础材料、产业技术基础），组织推荐更多拥有核心技术的成长性好、专业化水平高、创新能力强、产品服务特色化明显的企业申报入库。（二）在库企业信息更新。往年已入库的培育企业，须在平台上按要求进行年度数据更新，已获得省级以上专精特新小巨人认定的企业也须同步进行信息更新，各地工信部门做好督促指导工作。,,
江苏省的名为2023年度省级专精特新中小企业申报认定和2020年度省级专精特新企业复核的项目。,其发布时间是2023年8月4日。其政策名称是《关于组织开展2023年度省级专精特新中小企业申报认定和2020年度省级专精特新企业复核工作的通知》，其项目将补申请是按不超过项目总投入的10%予以补助，单个项目支持额度最高不超过1000万元。其具体内容是一、2023年度省级专精特新中小企业申报认定（一）推荐范围。申报企业须为中小企业（符合《中小企业划型标准规定》（工信部联企业﹝2011﹞300号）），在江苏境内注册，具有独立法人—1—资格，经营和信用状况良好，纳入“江苏省优质中小企业培育库”的在库企业（年度新增入库或数据更新通过审核），且公告为创新型中小企业（有效期内）。优先推荐属于“1650”产业体系重点领域企业。（二）推荐条件。符合《实施细则》附件2明确的“专精特新中小企业认定标准”规定条件，其中“评价指标”第10项“企业和产品所属产业领域优势”C项调整为：分布在全省“1650”产业体系50条重点产业链，其中卓越产业链3分、未来产业链和优势产业链均2分。相关概念需按《实施细则》附件4严格把握。（三）申报方式及审核流程。1.企业申报。申报采取线上填报与线下报送相结合的方式。企业按照自愿申报原则，进入“江苏政务服务网－江苏省工业和信息化厅旗舰店”（huups://www.jszwfw.gov.cn/col/col140127/index.huml），在线办理“专精特新中小企业培育和认定”，通过统一身份认证系统登录后，按照申报步骤和要求填报《江苏省专精特新中小企业申报书》（附件1）并上传相关佐证材料，于9月10日前完成并提交（9月10日24：00时系统将关闭企业填报提交功能）。纸质申报书需由企业通过线上系统直接打印，用普通A3白纸双面骑马钉单独装订并签字盖章，相关纸质佐证材料另行装订成一册。企业须对线上线下报送材料的真实性、一致性和准—2—确性负责。2.审核推荐。请各设区市工信局严格把关，对照条件对企业申报材料进行初审，重点审核独立法人地位、企业规模、所属领域、产品核心竞争力和市场占有率、产业链配套能力以及有无环境、质量、安全等方面违法记录等。各设区市工信局按要求在企业纸质申报书填写初核推荐意见并盖章，同时在线提交审核推荐意见。3.审核认定。省工信厅将按程序组织对各地推荐申报的企业进行形式审查、专家评审等综合性审核后，择优确定认定企业名单。认定结果将在省工信厅门户网站进行公示公告，有效期为3年。二、2020年度省级专精特新企业复核（一）复核范围。2020年度被认定为省级专精特新企业（包括专精特新产品和制造类、创新类小巨人企业），已纳入“江苏省优质中小企业培育库”并按要求进行年度数据更新且通过县（市、区）工信部门审核。（二）复核初审。各设区市工信局组织符合要求的企业线上填报《江苏省专精特新中小企业复核申请书》（附件2）和相关佐证材料，并报送有关纸质材料。各设区市工信局要坚持标准、严格把关，通过现场调研与材料审核相结合的方式，对照认定条件和标准逐一审查、核实后，进行复核初审，提出推荐意见。对于—3—未通过复核的，也须说明原因。（三）审核公布。省工信厅将组织对各地复核推荐企业进行形式审核，视情进行实地抽查核实，并公布通过复核的专精特新中小企业名单。为加强政策衔接，在该名单公布前，原2020年度省级专精特新小巨人企业称号依然有效；在该名单公布后，原称号自动失效，有效期重新计算。三、有关要求（一）省级专精特新中小企业认定申报和复核均由企业自愿申请，企业如实填报并提供真实资料，相关申请均不收取任何费用。（二）对于已获批国家专精特新“小巨人”企业或已列为省级专精特新中小企业（包含往年认定的省专精特新产品、小巨人企业）且在有效期内的，不再推荐；对于与上述企业存在控股关系（持股或被持股比例超过50%），以及同一集团内生产相似主导产品的企业，不予推荐。（三）请各设区市工信局高度重视，切实加强组织协调，指导符合条件的企业积极申报认定和复核，落实审核责任，对申报材料严格把关，做好政策宣贯解读，按程序进行推荐。同时，进一步加强优质企业摸排，动员更多企业入库培育，加快成长为创新型中小企业。（四）各地于9月17日前线上提交审核推荐意见、线下报送—4—纸质材料〔一式一份，包括：企业申报书（附件1，填写初核推荐意见并盖章）、企业复核申请书（附件2，填写初核推荐意见并盖章）、加盖公章的正式推荐文和推荐汇总表（附件3和4）〕，邮寄至南京市鼓楼区北京西路16号苏兴大厦中小企业局。材料电子版（word文档）请同步报送至邮箱jsjxwzxqy@126.com。企业报送的纸质佐证材料由各设区市工信部门存档备查，无需上报。,,
江苏省的名为国家服务型制造示范的项目。,其发布时间是2023年3月31日。其政策名称是关于组织开展2023年国家服务型制造示范遴选和评估评价工作的通知，其项目将补申请是按不超过项目总投入的10%予以补助，单个项目支持额度最高不超过1000万元。其具体内容是一、关于2023年国家服务型制造示范遴选工作（一）申报要求。各地要按照申报条件和相关要求（详见附件1），择优组织推荐一批本地区服务型制造发展成效明显的优势企业和平台，原则上要从省级服务型制造示范中推荐。根据各地现有省级服务型制造示范数量，南京、无锡、苏州、常州每市申报示范企业数量不超过10个，其余设区市每市申报示范企业数量不超过8个。昆山、泰兴、沭阳每地申报示范企业数量不超过3个。各地申报示范平台数量不限。有一定工作基础和意愿的设区市可以申报示范城市。各地工信部门要根据时间节点，倒排进度，指导企业完成注册、正确填报，要严格初审把关，按照既定的分配名额推荐报送。（二）申报程序。请申报第五批国家服务型制造示范的单位在“服务型制造公共服务平台”网站（网址见附件1）自行完成注册并填报材料，往年申报过的单位使用原账号进行填报。示范城市申报材料由市工信局负责填报。请各地工信部门统一汇总各类申报书和随附材料（纸质件一式3份及电子版刻盘），填写申报汇总表（见附件2）并正式行文，于5月5日前报送至省工信厅生产服务业处，并在系统中完成审核（市级审核账号稍后由工信部统一下发）。我厅将组织专家评审，择优向工信部推荐申报。二、关于前四批示范评估评价工作请各地工信部门于5月25日前组织本地区前四批示范企业、示范平台在“服务型制造公共服务平台”网站填报评估评价材料，3个示范城市由市工信局负责填报。,,
江苏省的名为省重点领域首版次软件产品的项目。,其发布时间是2023年5月26日。其政策名称是《关于开展2023年江苏省重点领域首版次软件产品征集工作的通知》，其项目将补申请是按不超过项目总投入的10%予以补助，单个项目支持额度最高不超过1000万元。其具体内容是一、征集条件（一）送征单位应同时符合以下基本条件：1.送征单位须为在江苏省内依法注册、具有独立法人资格的企业，成立日期须在2021年12月31日及以前（以营业执照为准）；2.送征单位内部管理规范有序、经营状态正常、已产生显著经济社会效益或具有较强发展潜力；3.送征单位具有良好的产品研发技术基础和人才支撑；4.送征单位诚信守法，近三年未发生重大（含）以上安全、环保、质量事故（事件），无严重失信行为。（二）送征软件产品应同时符合以下基本条件：1.送征软件产品符合国家和我省产业发展政策导向，类别属于基础软件、支撑软件、平台软件、工业软件、嵌入式系统软件、信息安全软件、5G相关软件、人工智能软件等高端软件，或在我省先进制造业集群、政务治理和民生服务重要领域有创新型应用的行业应用软件；2.送征软件产品具备自主知识产权，具备软件著作权（软件著作权登记证书中开发完成日期须在2022年1月1日及以后，著作权人须包含送征单位）；3.送征软件产品为首次正式发布并进行销售，具有良好市场推广应用前景；4.送征软件产品功能或性能有重大突破，具有技术领先优势或者打破市场垄断；5.送征软件产品已经通过省级以上软件产品检测机构依据《系统与软件工程系统与软件质量要求和评价（SQuaRE）第51部分：就绪可用软件产品（RUSP）的质量要求和测试细则》（GBT25000.51-2016）进行的检测；6.送征软件产品研发投入在200万元以上。（三）符合以下条件的送征软件产品优先列入应用推广指导目录：1.送征软件产品与信创技术路线相适配；2.送征软件产品拥有相关专利；3.送征软件产品的研发过程推动了相关标准制定。（四）仅限于企业自用的软件或用户定制的非通用软件，不属于征集范围。二、征集程序（一）填报征集信息表、制作征集报告。各送征单位须填写征集信息表（附件1），并根据附件2要求制作《2023年江苏省重点领域首版次软件产品征集报告》。（二）提交纸质版和电子扫描版征集报告。各送征单位须对征集报告加盖单位公章，并在2023年6月16日前向所在设区市工信局或昆山市、泰兴市、沭阳县工信局提交纸质征集报告2份、电子扫描版征集报告（加盖单位公章后扫描版）。各设区市工信局在组织申报过程中，可进一步细化流程，由送征单位先向县（市、区）工信部门报送。要做好宣传发动工作，明确报送路径，确保送征单位及时准确报送送征材料。（三）地方审核推荐。各设区市工信局，昆山市、泰兴市、沭阳县工信局依据本通知中征集条件对辖区内送征单位和送征软件产品进行审核并择优向我厅推荐，相关推荐材料应在2023年6月27日前向我厅报送。推荐材料应包含推荐汇总表（附件3，加盖单位公章，纸质件和电子扫描件）、推荐产品纸质版征集报告、推荐产品电子扫描版征集报告。（四）综合评议。我厅组织专家对地方推荐的首版次软件产品材料进行综合评议。（五）拟推广产品公示。根据综合评议结果，我厅择优确定拟推广的首版次软件产品目录并进行公示，公示期为5个工作日。如有异议，我厅及时组织调查、予以核实。（六）发布首版次目录。对公示期间无异议的送征产品，我厅发布《2023年江苏省重点领域首版次软件产品应用推广指导目录》。三、工作要求1.每个送征单位原则上只能报送一项软件产品参加征集，已进入以往年度《江苏省重点领域首版次软件产品应用推广指导目录》的同名称、同版本号软件产品不得再次参加征集。2.送征单位应严格按照本通知要求组织征集材料、制作产品征集报告并对征集材料的真实性负责，不得弄虚作假。采取任何不正当手段入选首版次应用推广指导目录的，一经查实将从目录中除名并按有关规定追究责任。3.各地区工信局应当加强对送征单位和征集材料真实性、完整性的核查，本着优中选优、宁缺毋滥的原则向我厅推荐首版次软件产品。4.我厅对送征单位进行信用管理，记录送征单位在征集程序每个环节的所有失信行为，并上传至有关信用信息平台。联系人：汪霄，联系电话：025-69652742。,,
江苏省的名为省级中小企业公共服务示范平台的项目。,其发布时间是2023年5月22日。其政策名称是《关于开展2023年度省级中小企业公共服务示范平台认定推荐工作的通知》，其项目将补申请是按不超过项目总投入的10%予以补助，单个项目支持额度最高不超过1000万元。其具体内容是一、申报和推荐条件省级示范平台认定根据平台在建设水平、服务能力、服务绩效等方面情况进行综合评定，分为三星、四星、五星等3个等级，原则上遵循三星、四星、五星逐级晋升的规定，符合条件的可跨星晋升。申报单位应根据自身实际情况合理选择申报相应星级。1.申报单位必须是符合《省认定管理办法》规定，为中小企业提供信息、技术、创业、融资、培训等服务的独立法人。2.申报五星省级示范平台必须要达到资产500万、专职人员20人，申报四星省级示范平台必须要达到资产300万，专职人员15人。3.按照三年有效期要求，对于《关于公布2020年度省级中小企业公共服务示范平台认定名单的通知》（苏工信服建〔2021〕19号）中认定的平台，需要按《省认定办法》重新申报认定。但上述平台中，仍处于有效期的国家示范平台无需申报，可在国家示范平台有效期最后一年申报省示范平台认定。2021年、2022年认定的省级示范平台暂不需要申报。4.2023年处于国家示范平台有效期最后一年且省示范平台已经到期的平台，需重新申报认定。5.获得国家、省小型微型企业创业创新示范基地（简称“示范基地”）认定且非省级示范平台的单位，原则上不得新申报省级示范平台认定。二、申报程序符合条件的单位可自愿申请，经县（市、区）工信部门初审，由各设区市工信部门审核汇总后向省工信厅推荐。省属单位经业务主管部门在《省中小企业公共服务示范平台推荐表》（附件2）审核盖章后，行文向省工信厅直接申报。省工信厅根据申报情况组织专家书面材料评审和实地抽查，按照择优原则确定省级示范平台。省级示范平台实施动态管理，有效期三年，起止期为2024年1月1日—2026年12月31日。三、工作要求1.省级示范平台申报实行纸质材料和网上同时申报，须提供完整的申报和推荐材料（详见附件）。2.南京市、无锡市、常州市、苏州市推荐名额不超过25家，其它各设区市推荐名额不超过20家。请各设区市、省属单位于2023年7月21日前将纸质申报材料（一式一份）报送省工信厅服务体系建设处，并将《2023年度省中小企业公共服务平台推荐汇总表》（附件1）发送至wqhcjy@163.com。申报单位须同时登录“江苏省中小企业公共服务平台（http://www.smejs.cn）”，在“认定申报”栏目中点击“示范平台认定申报”，注册登录后进行填报并上传相关材料，非省属单位经县（市、区）、市审核后提交。申报单位可通过2023年省级示范平台认定申报咨询QQ群（群号1：807645478，群号2：207935293）进行咨询。邮寄地址：南京市北京西路16号苏兴大厦1709室,,
江苏省的名为新一代信息技术典型产品、应用和服务案例遴选的项目。,其发布时间是2023年5月31日。其政策名称是《关于组织开展2023年新一代信息技术典型产品、应用和服务案例遴选工作的通知》》，其项目将补申请是按不超过项目总投入的10%予以补助，单个项目支持额度最高不超过1000万元。其具体内容是各地推荐的申报主体应在江苏省内注册、具备独立法人资格，具有较好的经济实力、技术研发和融合发展能力。产品目录应是已实现产业化或已在行业中部署应用的工业软件优秀产品，应用案例能有效支撑开展制造企业数字化转型，并有可量化的经济效益或社会效益，服务模式能探索政产校企联动的人才培养新模式、满足地方企业和政府标准化需求。申报材料要描述详实、重点突出、表述准确、逻辑性强，杜绝虚构和夸大。已列入前期同类典型案例的不可重复申报。对于工业软件优秀产品申报项目，将同时作为2023年江苏省优秀工业软件产品申报项目一并遴选；对于区块链典型应用案例申报项目，将同时作为2023年江苏省区块链应用示范申报项目一并遴选。届时，我厅将根据各地推荐情况组织专家评审筛选（工业软件产品方向同步遴选出2023年江苏省重点推广应用的优秀工业软件产品，区块链方向同步遴选出2023年江苏省区块链应用示范项目）、推荐上报。请各地工信部门于2023年6月16日（周五）18：00前，将经审核盖章的推荐意见函（含应用案例信息汇总表、一式壹份）、应用案例申报书（一式叁份）按照职能分工分别对口报送厅大数据产业处（负责区块链典型应用案例、区块链领域的典型服务模式）、软件和信息服务业处（负责典型产品名录、软件领域的典型服务模式）、两化融合推进处（负责工业互联网平台、企业上云用云、数字化转型领域的典型应用案例及服务模式），电子版汇总后同步发送至指定邮箱。联系方式：1.大数据产业处025-69652663、gxt_dsjc@163.com地址：南京市北京西路16号苏兴大厦1009室2.软件和信息服务业处025-69652742、jsruanjianchu@163.com地址：南京市北京西路16号苏兴大厦1000室3.两化融合推进处025-69652717、qyxxhc@163.com地址：南京市北京西路16号苏兴大厦903室,,
江苏省的名为双跨平台的项目。,其发布时间是2023年6月5日。其政策名称是《关于组织申报2023年跨行业跨领域工业互联网平台的通知》，其项目将补申请是按不超过项目总投入的10%予以补助，单个项目支持额度最高不超过1000万元。其具体内容是各地推荐的申报主体应在江苏省内注册、具有独立法人资格，运营和财务状况良好，具备较强的技术研发和融合创新能力、赋能转型和应用推广能力、可持续发展能力以及良好的社会信用。申报单位应为制造行业大型骨干企业、互联网企业、信息技术企业、自动化企业等，并符合《2023年跨行业跨领域工业互联网平台申报能力要求》（见附件2）。2022年已获评工信部跨行业跨领域工业互联网平台的，需重新申报。环保、安全等不达标的企业不予推荐。我厅将根据各地推荐情况组织专家评审筛选、推荐上报。获得部级示范的项目，在申请国家和省级财政专项资金支持时将予以优先。请各地于2023年6月9日（周五）17：00前，将项目申报书（一式叁份，见附件3）、推荐意见函（一式壹份，含推荐信息汇总表、见附件4）报送至厅两化融合推进处，相关材料电子版同步发送至指定邮箱、不需要刻录光盘。联系电话：025-69652717电子信箱：qyxxhc@163.com地址：南京市北京西路16号苏兴大厦903室,,
,,,
淮安市的名为工业互联网标杆工厂、平台的项目。,其发布时间是2022年2月10日。其政策名称是《关于推动制造业高质量发展的实施意见》，其支持政策的奖补情况是对被认定为市级、省级工业互联网标杆工厂的企业，奖励１０万元、５０万元；对被认定为省级、国家级工业互联网平台的企业，分别奖励５０万元、１００万元。。,,
,,,
南京市的名为国家级服务型制造示范（包括示范企业、示范平台、示范项目）的项目。,其发布时间是2022年3月1日。其政策名称是《推进企业创新促进产业高质量发展政策实施细则》无需企业申报，市工业和信息化局根据新认定的企业名单，经审查合格后，会同市财政局给予资金支持。，其支持政策的具体内容是对新认定的国家级服务型制造示范（包括示范企业、示范平台、示范项目）和国家级工业设计中心，给予最高100万元奖励。，其支持政策的奖补情况是请各区（开发区）工信部门于2022年10月12日（周三）下班前将推荐项目的纸质版申报书、推荐项目汇总表（附件3）盖章后（一式两份）报至市工业和信息化局信息化建设与发展处，同步将电子版文档发送至指定邮箱。。,,
南京市的名为专项资金的项目。,其发布时间是2022年11月8日。其政策名称是关于组织2023年度江苏省工业和信息产业转型升级专项资金项目申报入库的通知，其支持政策的具体内容是1、省申报通知明确，项目申报采取网上申报方式进行，申报单位在线填写申报表，并上传其他申报材料。推荐采用电子签名、签章，无法申请电子签名、签章的，应线下盖章后扫描上传至系统。2、各区（开发区）工信部门通过专项资金项目库管理系统审核本地区项目材料，未经审核通过的申报材料，市里不予受理。对审核通过的项目，由各区（开发区）工信部门会同财政部门联合行文上报（请示件纸质2份），并附申报系统自动生成的推荐项目汇总表（工信、财政加盖单位公章，2份），2022年11月18日前报送市工业和信息化局综合规划与投资处，并扫描上传系统，线上审核同步完成。11月24日前，市工业和信息化局各条线处室完成线上审核，推送到综合规划与投资处。3、企业网上申报开始时间为2022年10月24日，各区（开发区）初审并报送联合行文截止时间为2022年11月18日，过时不再受理。，其支持政策的奖补情况是2022年11月18日前报送市工业和信息化局综合规划与投资处，并扫描上传系统，线上审核同步完成。11月24日前，市工业和信息化局各条线处室完成线上审核，推送到综合规划与投资处。企业网上申报开始时间为2022年10月24日，各区（开发区）初审并报送联合行文截止时间为2022年11月18日，过时不再受理。。,,
南京市的名为智能制造示范工厂项目的项目。,其发布时间是2022年10月21日。其政策名称是关于2022年南京市工业和信息化发展专项资金项目申报的通知，其支持政策的具体内容是1、项目总投入须不低于2000万元。2、项目备案（核准）、环评、能评等手续完备。3、项目在2022年6月30日（含）前已建成并正常投产使用，并在项目申报截止日期前由项目推荐单位完成验收工作（须由项目推荐单位出具验收意见）。4、同等条件下，智能制造示范工厂项目优先支持列入2021年度国家智能制造示范工厂揭榜单位、2022年度江苏省省级智能制造示范工厂名单的企业。，其支持政策的奖补情况是项目申报采取网上申报方式进行，在南京市工业和信息化局官网或“宁企通”平台上，点击“南京市工业和信息化发展专项资金项目申报和监管平台”进入申报页面，在线填写项目申报表，并上传其他申报材料。网上申报受理时间为2022年10月25日至2022年11月10日，逾期不再受理申报。。,,
南京市的名为工业互联网平台项目的项目。,其发布时间是2022年10月21日。其政策名称是关于2022年南京市工业和信息化发展专项资金项目申报的通知，其支持政策的具体内容是1、项目总投入不低于500万元，且软件投入（购置费、合作费、集成费）不少于总投入的30%，人工费用不超过总投入的20%。2、项目在2022年6月30日（含）前已建成并正常投入使用，并在项目申报截止日期前由项目推荐单位完成验收工作（须由项目推荐单位出具验收意见）。3、同等条件下，对2021年以来认定的省（含）以上重点工业互联网平台优先予以支持。，其支持政策的奖补情况是项目申报采取网上申报方式进行，在南京市工业和信息化局官网或“宁企通”平台上，点击“南京市工业和信息化发展专项资金项目申报和监管平台”进入申报页面，在线填写项目申报表，并上传其他申报材料。网上申报受理时间为2022年10月25日至2022年11月10日，逾期不再受理申报。。,,
南京市的名为5G基站建设项目的项目。,其发布时间是2022年10月21日。其政策名称是关于2022年南京市工业和信息化发展专项资金项目申报的通知，其支持政策的具体内容是1、项目在2022年1月1日以后启动，且须在2022年底前建设完成并投入使用。，其支持政策的奖补情况是项目申报采取网上申报方式进行，在南京市工业和信息化局官网或“宁企通”平台上，点击“南京市工业和信息化发展专项资金项目申报和监管平台”进入申报页面，在线填写项目申报表，并上传其他申报材料。网上申报受理时间为2022年10月25日至2022年11月10日，逾期不再受理申报。。,,
南京市的名为江苏省智能制造领军服务机构的项目。,其发布时间是2023年3月17日。其政策名称是关于开展2023年江苏省智能制造领军服务机构遴选推荐工作的通知，其支持政策的具体内容是一、申报条件申报单位应符合以下条件：（一）在江苏省域内注册、具有独立法人资格且正常经营一年以上（截至2022年12月31日）。（二）2022年主营业务收入不少于3000万元，具有健全的财务管理机构和制度。（三）诚信守法，近三年内未发生重大及以上安全、环保、质量事故，无严重失信行为。（四）具有较强的综合集成服务能力和完善的服务体系，在申报行业具有良好的品牌影响力和资源整合力，已经形成3个及以上可复制、可推广、示范性强的场景案例。（五）拥有自主核心技术，其中智能制造系统集成技术相关的授权专利不少于6项（发明专利不少于1项）或与智能制造相关的软件著作权不少于10项，且近三年内无知识产权侵权行为。（六）符合国家智能制造系统解决方案供应商联盟发布的《智能制造系统解决方案供应商规范条件》规定条件的，优先遴选推荐。，其支持政策的奖补情况是二、有关要求（一）请申报单位编制《江苏省智能制造领军服务机构申报书》，向所在区、开发区工信主管部门申请。申报单位对申报材料的真实性负责。（二）请各区、开发区工信主管部门高度重视，按照通知要求，积极组织辖区内符合条件的单位申报。各区、开发区工信主管部门对申报单位申报材料严格审核把关，切实提高申报工作质量，并于4月10日前向市工信局正式行文上报申报书（一式三份）、汇总表等文件，电子版文件发送至联系人邮箱，逾期将不予受理。（三）市工信局将根据各区上报情况择优推荐。入选单位将纳入省制造业智改数转服务资源池统一管理，省工信厅将组织专家或委托第三方进行评价。入选单位应主动配合开展相关评价及宣传工作。。,,
南京市的名为人工智能示范应用场景需求和典型应用案例的项目。,其发布时间是2023年3月28日。其政策名称是关于征集南京人工智能示范应用场景需求和典型应用案例的通知，其支持政策的具体内容是一、征集范围聚焦先导区创新发展的特色行业领域，主要围绕电力、石化、钢铁、汽车、建材、服装6大行业和制造、能源、文旅、消费、教育、卫生6大领域，面向本市人工智能应用场景建设的主体单位，征集应用场景需求及典型应用案例。，其支持政策的奖补情况是二、有关事项1.申报主体为本市有关部门、科研院所、高等院校、重点企业和产业园区等单位。其中，应用场景申报主体需具备支撑应用场景建设和运营的必要基础，典型应用案例要求拥有自主知识产权、技术先进，已实现商业应用。2.征集的应用场景、典型案例在一定范围具备普适性和通用性，对促进人工智能技术产品落地产生较强推进作用，有较高示范带动和推广价值。3.申报内容确保不涉及国家秘密、商业秘密等敏感信息，无相关伦理风险和安全隐患。4.请申报应用场景的单位认真填写《南京市人工智能应用场景需求征集表》（附件1），申报典型应用案例的单位认真填写《南京市人工智能典型应用案例征集表》（附件2），于4月14日前将征集表word版和盖章扫描件报送邮箱。5.我局将对征集到的应用场景需求和典型应用案例进行遴选，组织开展供需对接活动和宣传推介，择优给予政策支持。。,,
南京市的名为省规划布局内重点软件企业和专精特新软件企业的项目。,其发布时间是2023年3月28日。其政策名称是关于开展2023年省规划布局内重点软件企业和专精特新软件企业培育入库工作的通知，其支持政策的具体内容是一、推荐依据。参照最新修订的《江苏省规划布局内重点软件企业评估规范》（T/JSIA0004-2022）、《江苏省专精特新软件企业评估规范》（T/JSIA0005-2022）（附件1）。，其支持政策的奖补情况是二、推荐流程。遵循企业自愿申报原则，各区工信局、国家级开发区管委会经发局组织辖区内企业参照评估规范的评价标准进行自评，对通过初评的企业予以推荐上报。新入库企业有效期为2年。同一企业只能选择一个类别申报。2021、2022年已入库企业无需重复申报。三、材料要求。申报企业须依据附件2格式要求，提交纸质版申报材料（胶装成册，一式1份，需加盖企业公章）。四、推荐要求。各区（园区）经初审后，对推荐上报的2023年省规划布局内重点软件企业和专精特新软件企业，填写推荐表（附件3，纸质版加盖公章），并于6月30日前将推荐表和企业申报材料一并报送我处。五、其他要求。入库企业须定期通过江苏省软件行业政企服务平台报送主要经营数据，接受动态监测。。,,
南京市的名为江苏省智能制造领军服务机构的项目。,其发布时间是2023年3月17日。其政策名称是关于开展2023年江苏省智能制造领军服务机构遴选推荐工作的通知，其支持政策的具体内容是一、申报条件申报单位应符合以下条件：（一）在江苏省域内注册、具有独立法人资格且正常经营一年以上（截至2022年12月31日）。（二）2022年主营业务收入不少于3000万元，具有健全的财务管理机构和制度。（三）诚信守法，近三年内未发生重大及以上安全、环保、质量事故，无严重失信行为。（四）具有较强的综合集成服务能力和完善的服务体系，在申报行业具有良好的品牌影响力和资源整合力，已经形成3个及以上可复制、可推广、示范性强的场景案例。（五）拥有自主核心技术，其中智能制造系统集成技术相关的授权专利不少于6项（发明专利不少于1项）或与智能制造相关的软件著作权不少于10项，且近三年内无知识产权侵权行为。（六）符合国家智能制造系统解决方案供应商联盟发布的《智能制造系统解决方案供应商规范条件》规定条件的，优先遴选推荐。，其支持政策的奖补情况是二、有关要求（一）请申报单位编制《江苏省智能制造领军服务机构申报书》，向所在区、开发区工信主管部门申请。申报单位对申报材料的真实性负责。（二）请各区、开发区工信主管部门高度重视，按照通知要求，积极组织辖区内符合条件的单位申报。各区、开发区工信主管部门对申报单位申报材料严格审核把关，切实提高申报工作质量，并于4月10日前向市工信局正式行文上报申报书（一式三份）、汇总表等文件，电子版文件发送至联系人邮箱，逾期将不予受理。（三）市工信局将根据各区上报情况择优推荐。入选单位将纳入省制造业智改数转服务资源池统一管理，省工信厅将组织专家或委托第三方进行评价。入选单位应主动配合开展相关评价及宣传工作。。,,
南京市的名为人工智能示范应用场景需求和典型应用案例的项目。,其发布时间是2023年3月28日。其政策名称是关于征集南京人工智能示范应用场景需求和典型应用案例的通知，其支持政策的具体内容是一、征集范围聚焦先导区创新发展的特色行业领域，主要围绕电力、石化、钢铁、汽车、建材、服装6大行业和制造、能源、文旅、消费、教育、卫生6大领域，面向本市人工智能应用场景建设的主体单位，征集应用场景需求及典型应用案例。，其支持政策的奖补情况是二、有关事项1.申报主体为本市有关部门、科研院所、高等院校、重点企业和产业园区等单位。其中，应用场景申报主体需具备支撑应用场景建设和运营的必要基础，典型应用案例要求拥有自主知识产权、技术先进，已实现商业应用。2.征集的应用场景、典型案例在一定范围具备普适性和通用性，对促进人工智能技术产品落地产生较强推进作用，有较高示范带动和推广价值。3.申报内容确保不涉及国家秘密、商业秘密等敏感信息，无相关伦理风险和安全隐患。4.请申报应用场景的单位认真填写《南京市人工智能应用场景需求征集表》（附件1），申报典型应用案例的单位认真填写《南京市人工智能典型应用案例征集表》（附件2），于4月14日前将征集表word版和盖章扫描件报送邮箱。5.我局将对征集到的应用场景需求和典型应用案例进行遴选，组织开展供需对接活动和宣传推介，择优给予政策支持。。,,
南京市的名为软件企业和专精特新软件企业培育入库工作的通知的项目。,其发布时间是2023年3月28日。其政策名称是关于开展2023年省规划布局内重点软件企业和专精特新软件企业培育入库工作的通知，其支持政策的具体内容是一、推荐依据。参照最新修订的《江苏省规划布局内重点软件企业评估规范》（T/JSIA0004-2022）、《江苏省专精特新软件企业评估规范》（T/JSIA0005-2022）（附件1）。，其支持政策的奖补情况是二、推荐流程。遵循企业自愿申报原则，各区工信局、国家级开发区管委会经发局组织辖区内企业参照评估规范的评价标准进行自评，对通过初评的企业予以推荐上报。新入库企业有效期为2年。同一企业只能选择一个类别申报。2021、2022年已入库企业无需重复申报。三、材料要求。申报企业须依据附件2格式要求，提交纸质版申报材料（胶装成册，一式1份，需加盖企业公章）。四、推荐要求。各区（园区）经初审后，对推荐上报的2023年省规划布局内重点软件企业和专精特新软件企业，填写推荐表（附件3，纸质版加盖公章），并于6月30日前将推荐表和企业申报材料一并报送我处。五、其他要求。入库企业须定期通过江苏省软件行业政企服务平台报送主要经营数据，接受动态监测。。,,
南京市的名为软件类关键核心技术攻关项目的项目。,其发布时间是2023年3月29日。其政策名称是关于组织2023年软件类关键核心技术攻关项目征集工作的通知，其支持政策的具体内容是一、推荐依据。参照最新修订的《江苏省规划布局内重点软件企业评估规范》（T/JSIA0004-2022）、《江苏省专精特新软件企业评估规范》（T/JSIA0005-2022）（附件1）。，其支持政策的奖补情况是一、报送条件(一)报送项目实施单位应同时符合以下基本条件：1.在南京市域内依法注册，具有独立的法人资格，注册资本不少于500万元，成立日期在2022年1月1日及以前。2.管理规范有序、财务制度健全、经营状态正常、诚信守法，近三年未发生重大(含)以上安全、环保、质量事故(事件)，无严重失信行为。(二)报送项目应同时符合以下基本条件：1.项目实施地点在我市境内，项目实施期原则上不超过3年，可在2025年底前完成攻关任务，且具备良好的产业化前景。2.目标产品属于工业软件产业链或信息技术应用创新产业链产品。其中工业软件类项目主要包括研发设计、生产制造、经营管理、运营维护、信息安全等覆盖制造业产品全生命周期的各类工业基础软件、支撑软件、应用软件、平台软件以及对我省先进制造业集群培育、智能化改造数字化转型有显著促进作用的其他创新型软件；信息技术应用创新类项目技术领域主要包括基于信息技术应用创新技术路线的基础软件、支撑软件、平台软件、安全软件、商用密码产品。3.申报单位对攻关产品或技术有较好的研发基础和人才支撑，有与攻关项目相关的自主知识产权，能够保障项目实施所需资金(项目研发投入不低于3000万元)。鼓励行业龙头企业与产业链上下游企业、研究机构联合开展攻关。(三)符合以下条件的项目优先报送：1、已获得或准备申请相关专利；2、已形成或正在制定相关标准。二、工作要求报送单位填写软件类关键核心技术攻关项目征集信息表(附件)，在信用承诺部分加盖公章，于4月10日前向市工信局提交征集信息表电子版和纸质版材料。。,,
南京市的名为工业软件优秀产品及首版次工业软件产品应用试点项目的项目。,其发布时间是2023年4月23日。其政策名称是关于开展2023年工业软件优秀产品及首版次工业软件产品应用试点项目征集的通知（2023年4月23日），其支持政策的具体内容是一、征集范围（一）工业软件优秀产品重点征集计算机辅助设计、仿真、计算等工具软件，关键工业控制软件，高附加值的运营维护和经营管理类工业软件优秀产品。（二）首版次工业软件产品应用试点项目重点征集采用自主核心知识产权的首版次工业软件产品应用试点项目。二、征集要求（一）申报单位要求申报单位须在南京境内注册，具有独立法人资格，有固定生产、经营活动场所，遵守国家法律法规，近三年无违反法律法规情况、无被执行案件失信记录、无财产或账户查封冻结情况、无因使用本单位软件产品造成较大及以上安全事故。（二）工业软件优秀产品要求1.申报单位可申报1-2个应用于航空、航天、石化、钢铁、船舶、电力、交通、核工业、汽车、电子信息、移动终端、机械等重点领域的优秀产品，建议择优申报不同类别的软件产品。2.申报的软件产品拥有自主知识产权、技术先进、实现产业化或已在行业中部署应用，在重点领域有工业企业典型应用案例。3.申报单位须如实填写申报书，并提供营业执照、合同、专利证书、软件著作权、测试报告等相关佐证资料。（三）首版次工业软件产品应用试点项目1.申报单位为我市工业领域重点行业用户单位，通过部署应用首版次工业软件产品取得明显成效，可显著提高企业研发、制造、生产管理水平或工业装备性能。2.申报单位部署应用的工业软件产品为首版次工业软件产品，具有自主知识产权，具备软件著作权（开发完成日期须在2022年1月1日及以后），已通过第三方软件产品检测。应用的工业软件产品为首次正式发布并进行销售，尚未取得重大市场业绩、具有良好市场推广应用前景。仅限于企业自用的软件或用户定制的非通用软件，不属于征集范围。3.申报单位须如实填写申报书，并提供营业执照、采购合同、用户报告或验收报告、专审报告，以及首版次软件产品的知识产权、测试报告等相关佐证资料。，其支持政策的奖补情况是三、征集程序（一）请各区（开发区）工业和信息化主管部门，组织本地区企业积极参与申报，做好工业软件优秀产品、首版次工业软件产品应用试点项目的审核把关、遴选推荐工作。（二）请各推荐单位填写工业软件优秀产品、首版次工业软件产品应用试点项目推荐表（附件1），申报企业填写《工业软件优秀产品申报书》（附件2）、《首版次工业软件产品应用试点项目申报书》（附件3），加盖公章后的申报书扫描件报推荐单位审查。推荐单位请于2023年5月19日前，将上述材料盖章后的扫描件发送至联系人邮箱。联系人：林卿联系电话：025-68788858电子邮箱：54286586@qq.com。其政策名称是《南京市工业企业重大设备技改项目奖补实施办法》，其支持政策的具体内容是按项目本申报年度一年之内（项目的技术设备购置发票开具日期为上一年度的下半年申报受理截止日以后，且至本年度奖补申报截止日止）技术设备购置总额的10%、封顶1000万元给予奖补。，其支持政策的奖补情况是三、征集程序（一）请各区（开发区）工业和信息化主管部门，组织本地区企业积极参与申报，做好工业软件优秀产品、首版次工业软件产品应用试点项目的审核把关、遴选推荐工作。（二）请各推荐单位填写工业软件优秀产品、首版次工业软件产品应用试点项目推荐表（附件1），申报企业填写《工业软件优秀产品申报书》（附件2）、《首版次工业软件产品应用试点项目申报书》（附件3），加盖公章后的申报书扫描件报推荐单位审查。推荐单位请于2023年5月19日前，将上述材料盖章后的扫描件发送至联系人邮箱。联系人：林卿联系电话：025-68788858电子邮箱：54286586@qq.com。,,
,,,
连云港市的名为特色工业互联网平台的项目。,其发布时间是2022年2月28日。其政策名称是《连云港市制造业智能化改造和数字化转型实施方案》（有效期三年），其支持政策的具体内容是对获国家认定的跨行业跨领域工业互联网平台、省级认定的工业互联网标杆工厂和工业电商平台分别给予最高200万元、80万元和60万元奖励。,,
连云港市的名为省级工业互联网标杆工厂的项目。,其发布时间是2022年2月28日。其政策名称是《连云港市制造业智能化改造和数字化转型实施方案》（有效期三年），其支持政策的具体内容是对获省级认定的工业互联网标杆工厂最高80万元奖励。,,
连云港市的名为“5G+工业互联网”融合应用的项目。,其发布时间是2022年2月28日。其政策名称是《连云港市制造业智能化改造和数字化转型实施方案》（有效期三年），其支持政策的具体内容是对入选国家、省级、市级示范应用案例的试点示范项目分别给予最高50万元、30万元、10万元奖励。支持企业建设5G全连接工厂，对被认定为5G全连接工厂的企业给予最高100万元奖励。,,
连云港市的名为标识解析二级节点的项目。,其发布时间是2022年2月28日。其政策名称是《连云港市制造业智能化改造和数字化转型实施方案》（有效期三年），其支持政策的具体内容是加快推进标识解析二级节点建设和应用推广，对完成与国家顶级节点对接的新建二级节点建设单位，给予最高50万元奖励；对年度新增注册企业数达到年度目标任务的二级节点运营单位给予最高20万元奖励，对年度新增标识注册量、新增标识解析量完成年度目标任务的，给予二级节点运营单位最高60万元奖励。,,
连云港市的名为专精特新“小巨人”的项目。,其发布时间是2021年8月30日。其政策名称是市政府印发关于深化创新型城市建设若干政策的通知，其支持政策的具体内容是获得国家级制造业单项冠军企业、专精特新小巨人企业的，分别给予100万元奖励；获得省“科技小巨人”企业的，给予50万元奖励。,,
连云港市的名为专精特新中小企业的项目。,其发布时间是2021年8月30日。其政策名称是市政府印发关于深化创新型城市建设若干政策的通知，其支持政策的具体内容是获得国家级制造业单项冠军企业、专精特新小巨人企业的，分别给予100万元奖励；获得省“科技小巨人”企业的，给予50万元奖励。,,
连云港市的名为软件类关键核心技术攻关项目的项目。,其发布时间是2023年3月31日。其政策名称是关于转发《关于组织2023年软件类关键核心技术攻关项目征集工作的通知》的通知，其支持政策的具体内容是省工信厅近期开展2023年软件类关键核心技术攻关项目征集工作，遴选一批具备自主核心技术基础、市场应用前景好、示范带头作用强的优质项目。请各县区工信部门按照通知要求，积极组织指导本地区项目实施单位报送软件类关键核心技术攻关项目征集信息表，于4月14日前将项目征集信息表电子版和纸质版材料报送市工信局信息产业处。,,
连云港市的名为“i创杯”互联网创新创业大赛的项目。,其发布时间是2023年5月30日。其政策名称是关于转发《关于举办第八届“i创杯”互联网创新创业大赛的通知》的通知，其支持政策的具体内容是现将省工信厅《关于举办第八届“i创杯”互联网创新创业大赛的通知》转发给你们，此次大赛于5月26日开始报名，7月30日报名结束，请各县区工信部门根据通知要求，在本地区统筹组织安排大赛的宣传、发动和报名工作。各有关园区、单位要积极发挥优势，通过各自渠道加大对大赛的宣传力度，发动、推荐互联网创业团队和企业积极参赛，省级互联网众创园、大数据产业园至少各自推荐5个项目参赛。请将参赛项目情况及时反馈我处（推荐单位建议选择市工信局或省级相关园区），以便做好项目推荐和协调工作。联系人：信息产业处李广超联系方式：85825572电子邮箱：xxcyfz@163.com,,
,,,
南通市的名为工业互联网软硬件项目的项目。,其发布时间是2022年4月25日。其政策名称是关于印发支持制造业倍增和服务业繁荣的若干政策意见的通知，其支持政策的具体内容是对制造业企业实际投入200万元及以上（不含税）、并已建成运行的工业互联网软硬件项目，按确认后开票金额的15%给予补助（实际总投资支付比例不低于85%，软件部分投入不低于总投资的30%），单个项目最高补助额不超过300万元。。,,
南通市的名为工业互联网试点示范的项目。,其发布时间是2022年4月25日。其政策名称是关于印发支持制造业倍增和服务业繁荣的若干政策意见的通知，其支持政策的具体内容是对新获评的国家级新一代信息技术与制造业融合发展试点示范、工业互联网试点示范项目，给予20万元奖励。对新认定的省级以上工业互联网平台、工业互联网标杆工厂、省级以上“数动未来”融合创新中心，给予5万元奖励。对其他“智改数转”、工业电商等国家级、省级对企业的认定类项目，由各区给予奖励，市业务主管部门对各地任务完成情况和绩效进行考核并给予专项奖补。。,,
南通市的名为工业互联网平台、工业互联网标杆工厂的项目。,其发布时间是2022年4月25日。其政策名称是关于印发支持制造业倍增和服务业繁荣的若干政策意见的通知，其支持政策的具体内容是对新认定的省级以上工业互联网平台、工业互联网标杆工厂、省级以上“数动未来”融合创新中心，给予5万元奖励。。,,
南通市的名为重大装备（首台套）、专精特新的项目。,其发布时间是2022年4月25日。其政策名称是关于印发支持制造业倍增和服务业繁荣的若干政策意见的通知，其支持政策的具体内容是对新认定为国家、省级重大装备（首台套）的，分别给予50万元、20万元奖励。对新认定的国家级、省级专精特新“小巨人”企业（含软件企业），分别给予50万元、20万元奖励。。,,
南通市的名为智能制造领军服务机构的项目。,其发布时间是2023年3月17日。其政策名称是《关于组织开展2023年江苏省智能制造领军服务机构遴选工作的通知》，其支持政策的具体内容是为推动我市智能制造发展，强化智能制造服务体系建设，根据省工信厅《关于开展2023年江苏省智能制造领军服务机构遴选工作的通知》（苏工信装备〔2023〕91号）要求，现组织开展省智能制造领军服务机构申报工作。请各地工信部门根据通知要求，认真组织推荐、严格审核把关，确保申报质量，并于4月20日前向市工信局行文上报企业申报书（一式三份）和申报汇总表，电子版文件汇总发送至：zbc.gxj@nantong.gov.cn。。,,
南通市的名为智能制造优秀服务商的项目。,其发布时间是2023年5月26日。其政策名称是《关于开展2023年南通市智能化改造和数字化转型优秀服务商申报工作的通知》，其支持政策的具体内容是一、申报条件1、在南通市范围内注册，具有独立法人资格，并具备健全的财务管理制度，经营状况良好，近三年内无严重失信行为、无违法记录。2、具备提供咨询规划、系统解决方案、工业信息安全、工业基础服务、智能装备、工业互联网等方面的服务能力，拥有一定的发明专利、软件著作权等核心技术支撑证明。3、具有服务南通市制造业企业智能化改造和数字化转型方面的业绩和经验，拥有相关技术人员团队及良好的售后运维能力。4、具有在相关行业领域可示范推广的智能化改造数字化转型应用场景和解决方案案例。5、已入选工信部智能制造系统解决方案供应商推荐目录、获评江苏省智能制造领军服务机构、纳入江苏省工业互联网服务资源池、南通市智能化改造和数字化转型服务资源池的单位，在同等条件下予以优先支持。二、相关要求1、请申报单位如实填报《2023年南通市智能化改造和数字化转型优秀服务商申报书》（附件1），并提供相关佐证材料。2、在不涉及商业机密的情况下，申报单位若自愿公开分享经验，请填报《智能化改造数字化转型应用场景/解决方案案例申报书》（附件2），并提供3分钟以内的视频资料。3、请各地工信部门积极组织相关服务商申报，对申报材料进行初审，将初审后符合条件的服务商推荐至市工信局，并填写《2023年南通市智能化改造和数字化转型优秀服务商申报汇总表》（附件3）。4、请各地将初审符合条件的服务商申报材料和工信部门汇总表（盖章件各一份），于6月30日前报送至市工信局，PDF扫描件同步报送至邮箱。三、其他事项1、市工信局将组织专家对申报材料进行评审，对入选的优秀服务商给予星级评定并向社会公布，对服务绩效突出的给予资金扶持。2、市工信局将组织专家对申报单位报送的智能化改造数字化转型应用场景和解决方案案例进行评审，分行业、分领域择优向社会发布，供广大制造业企业学习、借鉴。联系人：顾炜，联系电话：85215715邮箱：lhrhc.gxj@nantong.gov.cn地址：南通市崇川区世纪大道6号行政中心综合楼1120室。,,
,,,
苏州市的名为“5G+工业互联网”的项目。,其发布时间是同资金申报项目。其政策名称是《苏州市推进制造业智能化改造、数字化转型措施》，其支持政策的申报时间和类别是2021市级打造先进制造业基地专项资金项目申报关于组织2021年度苏州市市级打造先进制造业基地专项资金申报的通知-苏州市人民政府(suzhou.gov.cn)其支持政策规定的申报方式是线上+线下线上：苏州市财政专项资金申报平台(https://www.szzxzjsb.com)2021年9月3日至2021年10月8日线下：向项目所在地工信部门提供纸质版申报材料，扫描上传申报材料（线上）其支持政策的具体内容是加快“5G+工业互联网”发展：重点推动5G在垂直行业的先导应用；对市级垂直行业试点示范项目给予最高100万元奖励；,,
苏州市的名为标识解析二级节点的项目。,其发布时间是同资金申报项目。其政策名称是《苏州市推进制造业智能化改造、数字化转型措施》，其支持政策的申报时间和类别是2021市级打造先进制造业基地专项资金项目申报关于组织2021年度苏州市市级打造先进制造业基地专项资金申报的通知-苏州市人民政府(suzhou.gov.cn)其支持政策规定的申报方式是线上+线下线上：苏州市财政专项资金申报平台(https://www.szzxzjsb.com)2021年9月3日至2021年10月8日线下：向项目所在地工信部门提供纸质版申报材料，扫描上传申报材料（线上）其支持政策的具体内容是加快工业互联网标识解析工作：对完成与国家顶级节点对接的二级节点建设单位，给予最高300万元的奖励；对实现年度新增标识注册量超过3000万、日均解析量超1000万次的二级节点运营单位，给予最高50万元的奖励。,,
苏州市的名为市级示范智能车间的项目。,其发布时间是2022年6月7日。其政策名称是关于做好2022年市级示范智能车间申报工作的通知，其支持政策规定的申报方式是申报企业填写申报书，盖章后报所在县级市（区）工信部门。各县级市（区）工信部门于6月24日前，将企业申报书、行文请示、汇总表、审核推荐表（均需盖章）各一式一份报送至市工信局，电子文档同步报送。其支持政策的具体内容是1、企业申报的示范智能车间已建成并正常投产使用，具有较好的经济效益。2、已获得3个及以上省、市级示范智能车间企业不再参与申报。一家企业本次不得同时申报2个及以上示范智能车间。3、智能设备台套（产线）和信息化软件等应用率超过70%，车间智能化装备及信息化软件累计投入不低于600万元。,,
苏州市的名为专精特新“小巨人”企业的项目。,其发布时间是2022年11月14日。其政策名称是2022年度扬州市中小企业发展专项资金项目申报指南，其支持政策规定的申报方式是申报企业填写申报书，盖章后报所在县级市（区）工信部门。各县级市（区）工信部门于6月24日前，将企业申报书、行文请示、汇总表、审核推荐表（均需盖章）各一式一份报送至市工信局，电子文档同步报送。其支持政策的具体内容是1.2021年新认定的国家级、省级专精特新“小巨人”企业。2.企业近三年主营业务收入平均增长3%以上。3.主导产品销售收入占主营业务收入比重50%以上，企业近三年研发投入占主营业务收入比重平均达3%以上。4.企业上年度用于创新升级、管理升级、安全升级的项目综合投入（包括关键技术研发、设备更新、购买专业化服务等）不低于300万元（不含税，须提供专项审计报告）。按不超过项目综合投入的10%予以补助，最高不超过50万元。,,
苏州市的名为2022先进制造业基地专项资金的项目。,其发布时间是2022年9月5日。其政策名称是《关于组织2022年苏州市市级打造先进制造业基地专项资金项目申报的通知》。其支持政策规定的申报方式是线上+线下其支持政策的具体内容是龙头骨干企业培育/产业链核心技术攻关/智能化改造和数字化转型/绿色化改造升级/服务平台建设，扶持标准详见pdf,,
苏州市的名为市重点软件企业复评及2023年度入库的项目。,其发布时间是2023年3月1日。其政策名称是关于开展苏州市重点软件企业复评及2023年度入库工作的通知，其支持政策规定的申报方式是线上+线下其支持政策的具体内容是一、基本要求（一）在苏州市依法注册设立，具有独立法人资格的企业，稳定经营满1年以上。（二）具备从事软件和信息服务业务的基础设备条件、人员团队和经营场地。 （三）符合以下条件之一： 1.主要从事软件和信息技术服务业务，主营业务年收入2000万元以上且软件业务收入比例不低于50%；2.开展嵌入式系统软件开发业务，嵌入式系统软件开发业务年收入2000万元以上且占企业主营业务收入比例不低于40%；3.主要从事基础软件、工业软件、信息安全、集成电路设计、工业互联网平台服务或数据服务，且软件业务（集成电路设计）年收入1000万元以上。二、工作流程1.已入库及新入库企业，需在3月31日前完成2022年度工信部软件和信息技术服务业统计年报工作。2.申报单位请于3月31日前填写完成申报书（附件1）并上报各县级市（区）主管部门。3.请各县级市（区）主管部门按通知要求，对申报材料认真审核，对2022年度入库企业（附件2）进行复评并出具复评报告，于4月6日前将申报材料（纸质材料、电子材料各一式一份）、入库企业汇总表（附件3）、复评报告（附件4）行文上报至我局。,,
苏州市的名为市“近零碳”工厂（第二批）入库培育的项目。,其发布时间是2023年3月30日。其政策名称是2023年度苏州市“近零碳”工厂（第二批）入库培育工作开始，关于组织2022年苏州市市级打造先进制造业基地专项资金项目申报的通知其支持政策规定的申报方式是线上+线下其支持政策的具体内容是一、培育主体    注册地为苏州市范围内，具有独立法人资格的工业企业。    二、入库条件    （一）企业依法设立，经营状况良好，有较强的行业影响力和市场竞争力。建立完善的质量管理体系、环境管理体系、职业健康安全管理体系、能源管理体系，各项管理制度健全。    （二）企业将低碳发展要求和绿色制造理念纳入发展战略，具备开展温室气体排放、产品生命周期碳足迹和环境影响分析评价的基础。    （三）企业符合绿色制造体系建设要求，拥有国家级或省级绿色工厂称号。    （四）符合国家和地方的法律法规及标准规范要求，近三年无以下情况：发生较大及以上生产安全和质量事故、Ⅲ级（较大）及以上突发环境污染事件，在国家、省、市级督察工作中发现存在严重问题，被列入工业节能监察整改名单且未完成整改等。三、有关要求（一）县级市（区）工信主管部门做好苏州市“近零碳”工厂入库和培育工作，选择管理层绿色意识强、降碳基础条件好的企业纳入培育计划，并加强服务指导，对照评价指标体系（附件1）对标找差，制定创建计划，针对性落实改进提升措施。（二）县级市（区）工信主管部门请于2023年4月14日前，将本地区2023年度苏州市“近零碳”工厂培育计划汇总表（附件2）报送市工信局节能与综合利用处。（三）县级市（区）工信主管部门须督促已获评企业制定落实绿色低碳发展工作年度目标及工作方案，推动企业持续降低碳排放，提升绿色制造水平。请各地区于2023年4月14日前将本地区相关企业的2022年度总结及2023年度计划（附件3）报送市工信局节能与综合利用处。 ,,
苏州市的名为省级绿色工厂省级绿色工业园区的项目。,其发布时间是2023年4月26日。其政策名称是第四批省级绿色工厂暨第一批省级绿色工业园区推荐工作开始，关于组织2022年苏州市市级打造先进制造业基地专项资金项目申报的通知其支持政策规定的申报方式是线上+线下其支持政策的具体内容是一、基本条件2023年度省级绿色工厂、绿色工业园区名单遴选工作依照《关于印发江苏省绿色制造体系建设实施方案的通知》（苏经信节能〔2016〕725号）明确的推荐程序，按照“优中选优、宁缺毋滥”的原则，组织开展申报。近三年有下列情况的，不得申报绿色制造名单：未正常经营生产的；发生较大及以上安全（含网络安全、数据安全）、质量、环境污染等事故以及偷漏税等违法违规行为的；被动态调整出绿色制造名单的；在省级以上有关部门督查中发现存在严重问题的；被列入工业节能监察整改名单且未按要求完成整改的；被列为失信被执行人的。（一）绿色工厂各县级市（区）工信部门要根据本地区产业结构特点，遴选工作基础好、代表性强的企业进行申报。申报企业应为苏州大市内工商管理部门登记注册、从事生产经营并具有独立法人资格的企业，且生产经营状况良好，年销售收入在2亿元以上。评价请参照《关于印发江苏省绿色制造体系建设实施方案的通知》中的相关要求编写《江苏省绿色工厂评价报告》（附件1），已发布绿色工厂评价行业标准的（可登录工业和信息化部节能与综合利用司网站查看），需按照行业标准要求进行评价。（二）绿色工业园区各县级市（区）工信部门要组织工业基础好、基础设施完善、绿色制造水平高的工业园区进行申报，推荐的绿色工业园区需是以产品制造为主要功能、工业增加值占比超过50%、园区内省级以上绿色制造名单内企业占比5%以上、具有法定边界和范围、具备统一管理机构、在满足全部基本条件的前提下，园区绿色指数需在80分(含)以上的省级及以上工业园区。绿色工业园区申报请参照《关于印发江苏省绿色制造体系建设实施方案的通知》中的相关要求编写《江苏省绿色工业园区评价报告》（附件2）。2023年起，推荐国家级绿色工业园区将从省级认定的绿色工业园区中产生。二、推荐程序（一）组织评价满足基本条件且自愿申报的企业、工业园区，对照《绿色工厂评价通则》（GB/T36132-2018）、工信部发布的绿色工厂评价行业标准、《关于印发江苏省绿色制造体系建设实施方案的通知》等进行评价，并形成规范评价报告（附件1、2）。（二）初审推荐评价合格的企业、工业园区，向所在地工信部门提交评价报告。各县级市（区）工信部门对企业、工业园区提交的申报材料及绿色制造情况进行初审，符合条件的，正式行文向市工信局推荐。（三）评审确认省工信厅将按程序开展评审，对通过评审的企业、工业园区，在省工信厅官方网站公示5个工作日。公示无异议的企业、工业园区，列入江苏省第四批绿色工厂、第一批绿色工业园区名单。三、工作要求（一）各县级市（区）工信部门要结合本地区产业结构特点，绿色工厂的推荐需从列入2023年度绿色工厂创建培育计划名单中产生，选择行业代表性强、绿色制造基础好的龙头骨干企业或专业性强、特色鲜明、创新性高的中小企业，根据行业特点，突出关键绿色化指标的先进性，指导企业按照有关要求开展评价，编制评价报告，并切实加强对申报企业评价结果和证明材料的把关。（二）各县级市（区）工信部门要严把质量、择优推荐，并于7月14日前将本地区的绿色工厂、工业园区评价报告（附件1、2），绿色工厂、工业园区推荐汇总表（附件3、4），推荐文等申报材料（一式一份，同时报电子版）报送至苏州市工业和信息化局节能与综合利用处。（三）各县级市（区）工信部门切实加强对绿色制造名单内企业、工业园区的跟踪指导和动态管理，建立绿色制造水平关键指标定期报送机制，组织绿色制造名单企业、工业园区填报绿色制造动态管理表，并对动态管理表中明确的各项关键指标进行审核，对于绿色制造水平关键指标不符合绿色制造评价要求的，要组织进行现场评估，提出动态调整意见报市工信局。,,
苏州市的名为工业产品绿色设计示范企业的项目。,其发布时间是2023年4月23日。其政策名称是工信部第五批工业产品绿色设计示范企业推荐工作开始，关于组织2022年苏州市市级打造先进制造业基地专项资金项目申报的通知其支持政策规定的申报方式是线上+线下其支持政策的具体内容是二、推荐要求（一）基本要求企业具有独立法人资格，符合国家和地方的法律法规及标准规范要求，近三年无以下情况：发生较大及以上重大生产安全和质量安全事故、Ⅲ级（较大）及以上突发环境污染事件，在国务院及有关部委相关督查工作中发现存在严重问题，被列入工业节能监察整改名单且未完成整改等。（二）综合水平企业拥有明确的绿色低碳发展战略和措施，建立完善的质量、环境、能源、职业健康安全等管理体系，各项管理制度健全，具有较强行业影响力和市场竞争力，经营管理状况较好。（三）绿色设计专项水平企业绿色设计实力强，具有夯实的绿色设计服务基础，研发和应用推广绿色设计与制造关键技术；产品符合绿色产品评价相关标准并积极推广绿色产品，或者具有较强的绿色设计资源整合和服务能力并为行业客户提供优质绿色服务；企业自身绿色发展水平较高，或者绿色服务实施效果和成效显著。三、动态管理要求请各县级市（区）工信部门加强对示范企业的跟踪指导和服务，跟踪掌握工作进展，组织示范企业每年填报工业产品绿色设计示范企业动态管理表（附件3），做好动态管理审核并及时上报。工业和信息化部将加强对示范企业名单的监督管理，完善名单动态管理机制，对各单位上报的动态管理表进行评估，对不再符合示范企业要求的单位从名单中予以除名。四、工作要求（一）各县级市（区）工信部门要认真筛选行业代表性强的龙头骨干企业或专业性强、特色鲜明、创新性高的中小企业，根据“绿色设计+制造”型企业和“绿色设计+服务”型企业分类，指导企业按照《工业产品绿色设计示范企业申报书》（附件2）有关要求开展自评价和打分，编制申报书，并切实加强对申报企业自评价结果和证明材料的把关。被推荐企业自评价得分原则上不低于80分。（二）请各县级市（区）工信部门对照通知要求，认真做好申报组织及动态管理表填报工作，切实加强对申报企业申报材料和示范企业动态管理表的把关，并于6月1日前将本地区的推荐文件、工业产品绿色设计示范企业（第五批）推荐汇总表、第五批工业产品绿色设计示范企业申报书、工业产品绿色设计示范企业动态管理表等电子版材料通过工业节能与绿色发展管理平台（https://green.miit.gov.cn）报送苏州市工业和信息化局（节能与综合利用处）。,,
苏州市的名为服务型制造示范的项目。,其发布时间是2023年6月7日。其政策名称是关于组织开展2023年度苏州市服务型制造示范遴选工作的通知，其支持政策规定的申报方式是线上+线下其支持政策的具体内容是一、遴选范围市级服务型制造示范遴选包括示范企业和示范平台两个类别。其中示范企业主要面向定制化服务、供应链管理、检验检测认证服务、全生命周期管理、总集成总承包、节能环保服务、生产性金融服务及其他服务型制造创新模式开展遴选；示范平台主要面向定制化服务、供应链管理、共享制造、检验检测认证服务、全生命周期管理、总集成总承包、节能环保服务、生产性金融服务及其他服务型制造创新模式开展遴选。示范企业申报主体为制造业企业。示范平台申报主体为从制造业企业衍生出的服务平台，或第三方专业服务平台，包括应用服务提供商。优先鼓励终端产品制造企业向服务型制造转化。优先鼓励有条件的行业标杆企业依托自身技术和管理优势，输出解决方案和管理经验，对外提供服务。优先鼓励大中型企业剥离软件开发、系统集成、信息服务等技术服务，成立独立法人实体，面向苏州市制造业企业提供专业服务。二、申报条件1.申报主体应在苏州市行政区域内注册满两年，具有独立法人资格，运营和财务状况良好，自2022年1月1日起未发生重大质量、环保或安全事故，没有违法行为或涉嫌违法正在接受审查的情况。2.申报主体符合“服务型制造重点领域说明”（附件1），并满足“苏州市服务型制造示范遴选申报条件”（附件2）。三、申报说明1.请申报主体按要求提供《苏州市服务型制造示范企业（平台）申报材料》等相关内容（附件3）。申报主体须对填报材料的真实性、准确性、完整性负责。2.请各县级市（区）工业和信息化主管部门负责申报材料汇总、审核，并填写《苏州市服务型制造示范企业（平台）推荐汇总表》（附件4）。各县级市（区）可推荐示范企业不超过5个，示范平台不超过3个。3.企业申报截止日期为2023年6月25日。各县级市（区）工信主管部门初审并行文截止时间为2023年6月30日。逾期不予受理。相关材料一式两份并报送至苏州市工信局技术创新处（联系人：徐文韬，68616275）。4.对于入选的市级服务型制造示范，我局将从中择优推荐申报国家级和省级服务型制造示范。,,
苏州市的名为省级中小企业公共服务示范平台认定推荐的项目。,其发布时间是2023年5月24日。其政策名称是关于转发省工信厅《关于开展2023年度省级中小企业公共服务示范平台认定推荐工作的通知》的通知，关于组织2022年苏州市市级打造先进制造业基地专项资金项目申报的通知其支持政策规定的申报方式是线上+线下其支持政策的具体内容是一、申报单位必须是符合《省认定管理办法》规定，为中小企业提供信息、技术、创业、融资、培训等服务的独立法人。申报五星省级示范平台必须要达到资产500万、专职人员20人，申报四星省级示范平台必须要达到资产300万，专职人员15人。二、按照有效期3年要求，《关于公布2020年度省级中小企业公共服务示范平台认定名单的通知》（苏工信服建〔2021〕19号）中认定的平台，需要按《省认定办法》重新申报认定。但上述平台中，仍处于有效期的国家示范平台无需申报，可在国家示范平台有效期最后一年申报省示范平台认定。2021年、2022年认定的省级示范平台暂不需要申报。2023年处于国家示范平台有效期最后一年且省示范平台已经到期的平台，需重新申报认定。三、获得国家、省小型微型企业创业创新示范基地（简称“示范基地”）认定且非省级示范平台的单位，原则上不得新申报省级示范平台认定。省级示范平台申报实行纸质材料和网上同时申报，须提供完整的申报和推荐材料（详见省厅《通知》附件）。省属单位经主管部门在《省中小企业公共服务示范平台推荐表》（省厅《通知》附件2）审核盖章后，行文向省工信厅直接申报。四、请各地工信主管部门于2023年7月2日前将纸质申报材料（一式一份）和《推荐2023年度省中小企业公共服务平台汇总表》（省厅《通知》附件1）报送至市工信局企业服务处。申报单位须登录“江苏省中小企业公共服务平台（http://www.smejs.cn）”，在“认定申报”栏目中点击“示范平台认定申报”，注册登录后进行填报并上传相关材料，经各地工信主管部门审核后提交。申报单位可通过2023年省级认定申报咨询QQ群（群号1：807645478，群号2：207935293）进行咨询。网络技术咨询电话：025-52686656、83673201、13236591607省工信厅咨询电话：陈继勇025—69652793市工信局咨询电话：张 青0512-68616210,,
苏州市的名为2023年苏州市级智能工厂申报的项目。,其发布时间是2023年7月25日。其政策名称是关于转发省工信厅《关于开展2023年度省级中小企业公共服务示范平台认定推荐工作的通知》的通知，关于组织2022年苏州市市级打造先进制造业基地专项资金项目申报的通知其支持政策规定的申报方式是三、申报方式1.请申报企业对照《苏州市智能制造典型场景指引》，填写《苏州市智能工厂项目申报书》（附件3，含承诺书），加盖企业有效公章后报所在县级市（区）工信部门。申报企业需对填报材料的真实性、准确性、完整性负责。2.请各县级市（区）工信部门积极组织企业开展申报，做好材料审核和现场初审工作，对经审核后符合条件的予以推荐上报，并填写《苏州市智能工厂项目汇总表》和《苏州市智能工厂推荐审核情况表》（附件4-5，需加盖推荐单位公章）。3.市工信局将在企业申报、县级市（区）审核上报的基础上，组织专家评审，择优遴选出一批基础条件好、示范性强的工厂认定为苏州市智能工厂，并依据《关于支持产业创新集群建设的若干政策（试行）》给予一定奖励。4.请各县级市（区）工信部门收集汇总企业申报材料，于8月18日前，将加盖有效公章的推荐行文、企业申报书、申报汇总表、盖章审核推荐表等纸质材料各一式两份报送至我局智能制造推进处，企业申报书扫描件、汇总表及审核推荐表电子版等材料同步发送至邮箱，过时不再受理。其支持政策的具体内容是一、支持重点围绕我市重点打造的产业创新集群，支持企业应用自主创新产品、技术、装备、软件等建设市级智能工厂，提升行业发展质量、效益和本质安全水平。二、申报条件1.申报企业为苏州市行政区域内注册、具有独立法人资格且正常经营1年及以上（截至2023年6月30日）的制造业企业，近三年经济效益较好、信用记录良好。2.申报企业近三年未发生重大、特大安全生产事故，未发生重大、特大环境事故，无违法违规行为。3.申报企业需具有良好的智能制造基础，2023年以来应通过智能制造数据资源公共服务平台（https://www.c3mep.cn/）开展智能制造能力成熟度自评估，需达到国家标准GB/T39116-2020《智能制造能力成熟度模型》三级及以上或满足相关行业智能制造指导性文件要求。4.申报项目备案（核准）、环评、能评、安评等手续完备（无需相关手续的需作出说明）。5申报工厂应在2023年6月30日前竣工并投产使用，且具有知识产权归属明确的核心技术。6申报工厂在2020年7月1日至2023年6月30日期间总投入不低于3000万元，其中，软件、系统集成、公私有云及网络等投入不低于200万元（需提供专项审计报告，并披露关联交易）。总投入为不含税额，包括智能制造设备、工具、器具等固定资产投资（不含土建投资和铺底流动资金），与项目相关的工业软件、系统集成、云资源及网络费用、咨询、设计、检测、评价等投入（除特别说明，下同）。7申报工厂应符合《苏州市智能工厂建设指南》（附件1）要求，使用的关键技术装备、工业软件须安全可控，具备5个及以上符合《苏州市智能制造典型场景指引》（附件2）要求的场景应用；8.每个申报企业限报1个工厂。已获得国家智能制造示范工厂揭榜单位（不含国家智能制造优秀场景）、省级智能制造示范工厂及市级智能工厂的企业不再参与申报。,,
,,,
宿迁市的支持政策文件有哪些？,星级上云智能工厂、智能车间。两化（深度）融合类示范试点。工业互联网示范试点类企业（工业互联网重点平台、工业互联网标杆工厂、工业互联网典型应用企业、工业互联网专业服务商等）。专精特新小巨人、单项冠军。两化融合贯标。智能制造示范工厂。智能车间。工业互联网标杆工厂。5G+工业互联网融合应用项目。,,
宿迁市的名为工业互联网示范试点类企业（工业互联网重点平台、工业互联网标杆工厂、工业互联网典型应用企业、工业互联网专业服务商等）的项目。,其发布时间是2021年。其政策名称是《宿迁市建设长三角先进制造业基地三年行动计划（2021－2023年）》，其支持政策的具体内容是4.对当年获省、市认定的工业互联网标杆工厂分别奖励50万元、5万元。,,
宿迁市的名为专精特新小巨人、单项冠军的项目。,其发布时间是2021年。其政策名称是《宿迁市建设长三角先进制造业基地三年行动计划（2021－2023年）》，其支持政策的具体内容是5.支持企业争创国家制造业单项冠军企业（产品）和省级以上“专精特新”小巨人企业（产品），对获批国家级的奖励100万元，获批省级的奖励30万元。对首次入选省独角兽、潜在独角兽、瞪羚企业的，分别给予200万、100万、50万元奖励。。,,
宿迁市的名为两化融合贯标的项目。,其发布时间是2021年。其政策名称是《宿迁市建设长三角先进制造业基地三年行动计划（2021－2023年）》，其支持政策的具体内容是对当年通过两化融合管理体系贯标评定的企业，按照评定分级，5A级、4A级、3A级、2A级分别奖励20万元、15万元、10万元、5万元。。,,
宿迁市的名为智能制造示范工厂的项目。,其发布时间是2021年、2022年。其政策名称是1、《关于2021年度支持苏北五市制造业智改数转资金项目遴选的通知》（苏工信综合〔2021〕609号）2、《关于2021年度省切块制造业智改数转资金项目申报的通知》宿工信发〔2022〕3号，其支持政策的具体内容是1、获批江苏省智能制造示范工厂2、有智能化改造/建设项目，项目已开工建设，项目备案（核准）、环评、能评、安评、规划、土地等手续完备3、2021年1月1日—2021年12月31日期间引进和购置先进智能设备的有效投入不低于1000万元4、按有效投入的10%予以补助。原则上单个项目补助标准最低金额不得低于100万元。,,
宿迁市的名为工业互联网标杆工厂的项目。,其发布时间是2021年、2022年。其政策名称是1、《关于2021年度支持苏北五市制造业智改数转资金项目遴选的通知》（苏工信综合〔2021〕609号）2、《关于2021年度省切块制造业智改数转资金项目申报的通知》宿工信发〔2022〕3号，其支持政策的具体内容是1、企业已获得国家或省工业互联网标杆工厂、省四星级及以上上云企业和通过两化融合管理体系贯标认定（证书状态为有效）等2、2021年项目总投入不低于1000万元（不含税），其中软件投入占比不低于10%3、按有效投入的10%予以补助。原则上单个项目补助标准最低金额不得低于100万元，最高不超过200万元。。,,
宿迁市的名为5G+工业互联网融合应用项目。,其发布时间是2021年、2022年。其政策名称是1、《关于2021年度支持苏北五市制造业智改数转资金项目遴选的通知》（苏工信综合〔2021〕609号）2、《关于2021年度省切块制造业智改数转资金项目申报的通知》宿工信发〔2022〕3号，其支持政策的具体内容是1、2021年项目总投入不低于1000万元2、项目已开工建设且尚未建成（即后续仍有投入），须在2022年底前建设完成。项目建设主体与电信运营企业已签订5G网络建设或租赁合同。3、优先支持市“5G+工业互联网”项目库项目4、按有效投入的10%予以补助。原则上单个项目补助标准最低金额不得低于100万元，最高不超过200万元。。,,
,,,
无锡市的支持政策文件有哪些？,智能制造示范车间星级上云。智能工厂、智能车间。互联网标杆工厂。互联网平台试点、互联网平台。两化（深度）融合类示范试点。服务型制造示范企业。智能化改造。绿色化提升。标杆工厂。工业互联网平台。星级上云。专精特新中小企业。星级上云。智能工厂、智能车间。两化（深度）融合类示范试点。工业互联网示范试点类企业（工业互联网重点平台、工业互联网标杆工厂、工业互联网典型应用企业、工业互联网专业服务商等）。小巨人企业、“专精特新”产品企业。服务型制造。智能制造试点。智能制造能力。星级上云。智能工厂、智能车间。两化（深度）融合类示范试点。工业互联网示范试点类企业（工业互联网重点平台、工业互联网标杆工厂、工业互联网典型应用企业、工业互联网专业服务商等）。智能制造咨询诊断项目。绿色工厂/供应链管理企业。服务型制造示范企业。小巨人企业、“专精特新”产品企业。星级上云。智能工厂、智能车间。工业互联网示范试点类企业（工业互联网重点平台、工业互联网标杆工厂、工业互联网典型应用企业、工业互联网专业服务商等）。“专精特新”企业。绿色工厂/供应链管理企业。星级上云。标杆工厂类。两化融合管理体系贯标试点且两化融合管理体系评定。省级重点工业互联网平台。服务商类。新认定的国家级制造业单项冠军企业（产品）。“专精特新”企业。平台类。星级上云。智能制造示范工厂、智能车间。工业互联网发展示范企业（平台类）。两化融合管理体系贯标。数字孪生、5G＋、人工智能。“数转智变”对标诊断服务。标杆制造业。工业互联网平台。数转智变。星级上云。两化融合管理体系贯标。智能化改造。标杆工厂。星级上云。智能工厂、智能车间。智能制造能力成熟度。智能制造系统解决方案供应商。两化（深度）融合类示范试点。工业互联网示范试点类企业（工业互联网重点平台、工业互联网标杆工厂、工业互联网典型应用企业、工业互联网专业服务商等）。小巨人企业、“专精特新”产品企业。服务型制造示范企业。星级上云。智能工厂、智能车间。智能制造系统解决方案服务商。两化（深度）融合类示范试点。工业互联网示范试点类企业（工业互联网重点平台、工业互联网、工业互联网典型应用企业、工业互联网专业服务商等）。“专精特新”企业。绿色制造诊断。星级上云。工业互联网、智能车间。两化（深度）融合类示范试点。“专精特新”企业。智能制造示范工厂项目、工业互联网标杆工厂项目、“5G+工业互联网”融合应用项目、工业互联网标识解析项目、工业互联网平台项目。。智能化建设项目(备案并入库)。国家、省、市级智能工厂。国家、省、市级智能车间。省星级上云"三星级""四星级""五星级"。软件及技术服务投入。省级及以上工业互联网标杆工厂。首次获得国家两化融合管理体系贯标证书。当年获评江苏省两化融合管理体系(升级版)贯标试点A级、AA级、AAA级。,,
无锡市的名为互联网标杆工厂的项目。,其发布时间是2023年5月9日。其政策名称是《关于发布2023年度无锡市工业转型升级资金项目指南及组织项目申报的通知》，其支持政策的具体内容是3.对获得工信部工业互联网创新发展工程项目且建成验收通过的企业和获得省级智能工厂、工业互联网标杆工厂、领军服务机构等省级智能制造和工业互联网领域相关荣誉的企业，给予最高100万元的一次性奖励；。,,
无锡市的名为服务型制造示范企业的项目。,其发布时间是2023年5月9日。其政策名称是《关于发布2023年度无锡市工业转型升级资金项目指南及组织项目申报的通知》，其支持政策的具体内容是6.对列入省级及以上的服务型制造示范企业（平台），按照服务项目投入的10%给予奖励，最高100万元。。,,
无锡市的名为绿色化提升的项目。,其发布时间是2022年3月30日。其政策名称是《无锡市加快智能化改造数字化转型绿色化提升若干政策措施》，其支持政策的具体内容是4.年节能量达到200吨标准煤的节能改造项目和节能量达到5O吨标准煤的合同能源管理项目，每吨标准煤奖励最高500元，单个项目最高200万元。5.节能环保和可再生能源技术（产品)推广项目智慧化能源监测管理项目，节水、节材、废弃物资源化、再制造等资源综合利用项目清洁生产、循环经济等碳中和项目，不超过其投资额的10%，单个项目最高200万元。6.淘汰落后用能设备、节能信息服务、节能基础管理等绿色制造支撑能力建设项目，按照具体成效分档择优给予补助，最高100万元。。,,
无锡市的名为标杆工厂的项目。,其发布时间是2022年3月30日。其政策名称是《无锡市加快智能化改造数字化转型绿色化提升若干政策措施》，其支持政策的具体内容是7.获得工信部智能制造示范工厂、智能制造优秀等国家级智能制造领域相关荣誉的企业，给予最高100万元的一次性奖励。8.获得工信部智能制造新模式应用项目、工业互联网创新发展工程项目且建成验收通过后的企业获得省级智能工厂、工业互联网标杆工厂、智能车间、领军服务机构等省级智能制造和工业互联网领域相关荣誉的企业给予最高100万元的一次性奖励。9.获得“灯塔工厂”的企业给予最高200万元的一次性奖励。。,,
,,,
徐州市的支持政策文件有哪些？,星级上云智能工厂、智能车间。两化（深度）融合类示范试点。工业互联网示范试点类企业（工业互联网重点平台、工业互联网标杆工厂、工业互联网典型应用企业、工业互联网专业服务商等）。专精特新“小巨人”。专精特新软件企业入库。星级上云。5G全连接工厂。徐州市中小企业公共服务示范平台认定。,,
徐州市的名为工业互联网示范试点类企业（工业互联网重点平台、工业互联网标杆工厂、工业互联网典型应用企业、工业互联网专业服务商等）的项目。,其发布时间是2022年2月24日。其政策名称是《关于组织开展2022年徐州市企业技术中心认定工作的通知》，其支持政策的具体内容是一、申报领域及条件申报领域为工业类。优先支持我市工程机械与智能装备、新能源、集成电路与ICT、生物医药与大健康、新材料、节能环保、食品及农副产品加工、钢铁冶金、绿色化工、建筑建材、数字经济、汽车等主导产业，以及5G、工业互联网、大数据、物联网、人工智能、区块链等新兴行业。申报企业要求诚信经营，近两年内（指申请当年向前推算两年）无涉税违法、走私、重大产品质量事故或重大安全责任事故等严重失信记录等行为。申报企业必须具备以下基本条件：1.具备较强的技术创新实力和较好的经济效益，在全市同行业中具有竞争优势，企业年主营收入总额在2000万元以上，高新技术企业年主营收入总额在1000万元以上，或企业主营业务收入未达以上标准，企业研发与实验发展经费支出占主营业务收入的比重高于10%。2.企业领导重视技术创新和技术中心工作，具有较强市场开拓和技术创新意识，企业重视技术研发，为技术中心建设创造良好的技术创新条件。3.企业有一定的技术创新投入，年研究与实验经费支出额不低于200万元。4.企业具有较完备的研发、试验条件，技术开发仪器设备原值不低于200万元。5.企业拥有技术水平高、实践经验丰富的技术带头人，专职研究与试验发展人员数不低于15人。二、申报程序（一）按照《管理方法》要求，组织申请企业编写市级企业技术中心申请材料，并对其真实性进行审核（申请材料格式要求见附件1）；（二）按照市级企业技术中心评价方法（见附件2），对申请企业技术中心进行初评；（三）采取公平公正公开的适当形式，择优推荐符合重点领域、基本条件、《管理办法》规定和初评得分高于60分（包含60分）的企业技术中心。。,,
徐州市的名为专精特新“小巨人”的项目。,其发布时间是2022年。其政策名称是《徐州市“专精特新”中小企业培育攻坚三年行动方案（2022-2024年）》，其支持政策的具体内容是国家级60万元，省级40万元，市级20万元。。,,
徐州市的名为专精特新软件企业入库的项目。,其发布时间是2022年7月6日。其政策名称是关于开展2022年江苏省规划布局内重点软件企业和专精特新软件企业培育入库工作的通知，其支持政策的具体内容是一、推荐依据。参照最新修订的《江苏省规划布局内重点软件企业评估规范》（T/JSIA0004-2022）、《江苏省专精特新软件企业评估规范》（T/JSIA0005-2022）。二、入库有效期。入库企业有效期为2年（2021年入库企业无需重复申报）。企业（含已入库企业及新申报企业）须定期通过江苏省软件行业政企服务平台（http://jsrj.zqtong.com）报送主要经营数据，接受动态监测。三、推荐办法。按照企业自愿申报原则，由市工信局组织专家参照评估规范的评价标准进行评审，达到标准的给予推荐。同一企业只能选择一个类别申报。四、时间要求。请各单位于2022年8月10日前向市工信局上报推荐函、推荐名单、企业纸质申报材料（一式两份），并将电子材料发送至指定邮箱。五、责任分工。市工业和信息化局信息产业处全面负责项目申报有关工作，组织专家进行评审，并择优向省工信厅推荐；各县（市）区工信局、经开区经发局、高新区经发局、港务区经发部应做好政策宣贯工作，积极动员辖区内企业申报项目，对拟申报企业认真审核后出具推荐函以及《2022年江苏省规划布局内重点软件企业培育推荐名单》或《2022年江苏省专精特新软件企业培育推荐名单》并加盖公章；企业按照评估规范的要求提交申报材料；市软件行业协会应配合各地区工信主管部门开展宣传动员，协助市工信局做好形式审查等工作。。,,
徐州市的名为徐州市中小企业公共服务示范平台认定的项目。,其发布时间是2023年3月29日。其政策名称是关于开展2023年度徐州市中小企业公共服务示范平台认定的通知，其支持政策的具体内容是一、申报和推荐条件市级示范平台认定根据平台在建设水平、服务能力、服务绩效等方面情况进行综合评定，分一星、二星2个等级。原则上遵循逐级晋升原则，符合条件的可跨星申报。申报单位应根据自身实际情况合理选择申报相应星级。1、申报单位必须是符合《徐州市中小企业公共服务示范平台认定管理办法》规定，为中小企业提供信息、技术、创业、培训、融资等服务的独立法人。2、获得省小型微型企业创业创新示范基地认定且非市级示范平台的单位，原则上不再申报市级示范平台认定，今年申报且被认定为市级示范平台的单位原则上不再申报市级示范基地认定。（建议：示范平台适合具有开放性和资源共享特征、为全社会企业提供公共服务的单位申报；示范基地适合为中小微企业提供生产经营场所、主要围绕上述场所内引进企业提供公共服务的单位申报。）二、申报程序符合条件的单位可自愿申请，经县（市）区中小企业主管部门审核后向市工信局推荐。市属单位经主管单位在《市中小企业公共服务示范平台推荐表》审核盖章后，行文向市工信局直接申报。市工信局根据申报情况组织专家评审和实地抽查，按照择优原则确定市级示范平台。市级示范平台实施动态管理，有效期三年。不在有效期内的市级示范平台可再次申报。。,,
,,,
盐城市的名为对按技改投资列统，列入市重点技改项目管理(2024年起执行)的项目。,"其发布时间是2023年3月24日。其政策名称是《盐城市先进制造业发展办法》其项目中,企业技术改造其支持政策的具体内容是年度设备投资额500万元以上的企业技术改造项目(安全环保技术改造项目投资额300万元以上)，按实际设备投资额的5%给予奖励；在市企业“争星创优”活动中，被认定为三星、四星、五星和突出贡献奖的企业，分别按实际设备投资额的6%、7%、8%和9%给予奖励。属于重点产业链的项目，奖励额度在以上奖励基础上提高2个百分点。最高不超过500万元。",,
盐城市的名为年度智能化设备及工业软件等有效投入500万元以上的“智能化改造数字化转型”项目的项目。,"其发布时间是2023年3月24日。其政策名称是《盐城市先进制造业发展办法》其项目中,智改数转其支持政策的具体内容是2022年、2023年、2024年分别按照项目年度投资额的12%、11%、10%给予补助，单个项目最高不超过500万元。",,
盐城市的名为年度设备投资额300万元以上的创新型中小企业、省级专精特新中小企业及国家级专精特新“小巨人”企业的项目。,"其发布时间是2023年3月24日。其政策名称是《盐城市先进制造业发展办法》其项目中,智改数转其支持政策的具体内容是给予20万元一次性奖励",,
盐城市的名为新能源汽车及核心零部件、新能源、新一代信息技术、新材料、大健康产业和数字经济、海洋经济产业及23条重点产业链新招引项目的项目。,"其发布时间是2023年3月24日。其政策名称是《盐城市先进制造业发展办法》其项目中,新招引产业项目其支持政策的具体内容是各地结合招商引资政策兑现奖励",,
盐城市的名为列入年度重点工业新增长点培育计划，且上年度企业增加值率不低于全市平均水平50%的制造业企业的项目。,"其发布时间是2023年3月24日。其政策名称是《盐城市先进制造业发展办法》其项目中,工业新增长点培育其支持政策的具体内容是按年度新增应税开票销售10亿元以上、5亿元-10亿元、3亿元-5亿元，分别给予100万元、50万元、30万元奖励",,
盐城市的名为首次入选“中国企业500强”(中企联发布)的工业企业的项目。,"其发布时间是2023年3月24日。其政策名称是《盐城市先进制造业发展办法》其项目中,优质企业集群培育其支持政策的具体内容是给予300万元一次性奖励",,
盐城市的名为首次入选“中国制造业企业500强”(中企联发布)、“中国民营企业500强”(全国工商联发布)的工业企业的项目。,"其发布时间是2023年3月24日。其政策名称是《盐城市先进制造业发展办法》其项目中,优质企业集群培育其支持政策的具体内容是给予100万元一次性奖励",,
盐城市的名为年度应税开票销售首次达到500亿元、200亿元、100亿元、50亿元以上，且上年度企业增加值率不低于全市平均水平50%的工业企业的项目。,"其发布时间是2023年3月24日。其政策名称是《盐城市先进制造业发展办法》其项目中,优质企业集群培育其支持政策的具体内容是分别给予500万元、200万元、100万元、50万元一次性奖励",,
盐城市的名为当年新增入库的规上工业企业、数字经济企业的项目。,"其发布时间是2023年3月24日。其政策名称是《盐城市先进制造业发展办法》其项目中,优质企业集群培育其支持政策的具体内容是每家企业奖励5万元或按照企业当年对地方贡献增量部分50%给予奖补，最高不超过10万元。",,
盐城市的名为首次列入工信部光伏制造行业、锂电池行业、印刷电路板行业、钢铁行业、环保装备制造行业公告名单的企业的项目。,"其发布时间是2023年3月24日。其政策名称是《盐城市先进制造业发展办法》其项目中,规范认证项目其支持政策的具体内容是给予50万元一次性奖励",,
盐城市的名为获得氢燃料电池汽车生产资质的车辆生产企业(进入工信部《道路机动车辆生产企业及产品公告》)的项目。,"其发布时间是2023年3月24日。其政策名称是《盐城市先进制造业发展办法》其项目中,规范认证项目其支持政策的具体内容是给予500万元一次性奖励",,
盐城市的名为鼓励国内优质上市企业、大企业集团、单项冠军、专精特新“小巨人”企业、独角兽企业、瞪羚企业等在盐城迁入综合型总部或设立具有独立法人资格的销售、供应链、研发职能型总部，的项目。,"其发布时间是2023年3月24日。其政策名称是《盐城市先进制造业发展办法》其项目中,总部迁入发展其支持政策的具体内容是当年起连续三年按照对地方贡献增加部分(上年度超过前两年度均值部分)的30%、20%、10%进行奖励，最高不超过500万元",,
盐城市的名为支持企业与世界500强、中国企业500强、中国制造业企业500强、中国民营企业500强、央企、上市公司战略重组的项目。,"其发布时间是2023年3月24日。其政策名称是《盐城市先进制造业发展办法》其项目中,企业兼并重组其支持政策的具体内容是并购企业对目标企业的实际出资额折合人民币5000万元以上，且并购方占股比例在50%以上，对兼并重组后的企业按实际出资额的4%给予一次性奖励，最高不超过企业申报年度对地方贡献，且不超过500万元。",,
盐城市的名为鼓励市内企业兼并重组的项目。,"其发布时间是2023年3月24日。其政策名称是《盐城市先进制造业发展办法》其项目中,企业兼并重组其支持政策的具体内容是并购企业对目标企业的实际出资额折合人民币2000万元以上，且并购方占股比例在50%以上，对兼并重组后的企业按实际出资额的2%给予一次性奖励，最高不超过企业申报年度对地方贡献，且不超过200万元",,
盐城市的名为首次获得全国制造业单项冠军示范企业(产品)、国家级专精特新“小巨人”企业、省级专精特新中小企业的项目。,"其发布时间是2023年3月24日。其政策名称是《盐城市先进制造业发展办法》其项目中,企业创新发展其支持政策的具体内容是分别给予100万元、100万元、30万元一次性奖励",,
盐城市的名为首次获得国家技术创新示范企业的项目。,"其发布时间是2023年3月24日。其政策名称是《盐城市先进制造业发展办法》其项目中,企业创新发展其支持政策的具体内容是给予50万元一次性奖励",,
盐城市的名为首次获得国家、省级企业技术中心认定的项目。,"其发布时间是2023年3月24日。其政策名称是《盐城市先进制造业发展办法》其项目中,企业创新发展其支持政策的具体内容是分别给予100万元、20万元一次性奖励",,
盐城市的名为首次获得省级首台(套)重大装备的项目。,"其发布时间是2023年3月24日。其政策名称是《盐城市先进制造业发展办法》其项目中,企业创新发展其支持政策的具体内容是给予50万元一次性奖励",,
盐城市的名为首次获得省级首台(套)关键部件认定的项目的项目。,"其发布时间是2023年3月24日。其政策名称是《盐城市先进制造业发展办法》其项目中,企业创新发展其支持政策的具体内容是给予20万元一次性奖励",,
盐城市的名为对国家、省批复建设的制造业创新中心的项目。,"其发布时间是2023年3月24日。其政策名称是《盐城市先进制造业发展办法》其项目中,企业创新发展其支持政策的具体内容是分别给予500万元、200万元一次性奖励",,
盐城市的名为重点产业链企业采购本市产业链上游生产企业产品进行再加工生产，且年度本地采购额5000万元以上的项目。,"其发布时间是2023年3月24日。其政策名称是《盐城市先进制造业发展办法》其项目中,产业链配套协作其支持政策的具体内容是按本地采购额比上年新增部分的2%给予采购单位奖补，最高不超过200万元",,
盐城市的名为开展“盐创新品”系列活动，发布《创新产品应用示范推荐目录》，支持生产企业对产品首张订单进行投保的项目。,"其发布时间是2023年3月24日。其政策名称是《盐城市先进制造业发展办法》其项目中,企业推广应用新产品其支持政策的具体内容是市财政按投保年度实际支付保费的80%进行补贴",,
盐城市的名为支持企业采购创新产品打造应用场景的项目。,"其发布时间是2023年3月24日。其政策名称是《盐城市先进制造业发展办法》其项目中,企业推广应用新产品其支持政策的具体内容是对列入优秀示范应用场景的项目按照评价结果，分别给予100万、80万、50万元的奖励",,
盐城市的名为对获省级以上认定的公共服务机构，年度开展专项服务活动10场(次)以上，且服务企业500家以上；其中提供融资服务的机构开展融资对接服务活动不少于5场次，年度帮助企业融资总额超过2亿元的项目。,"其发布时间是2023年3月24日。其政策名称是《盐城市先进制造业发展办法》其项目中,公共服务能力提升其支持政策的具体内容是根据第三方服务绩效评估，给予不超过20万元奖励。",,
盐城市的名为对首次获得国家级中小企业，公共服务平台、国家级中小企业创业创新示范基地的项目。,"其发布时间是2023年3月24日。其政策名称是《盐城市先进制造业发展办法》其项目中,公共服务能力提升其支持政策的具体内容是分别给予50万元一次性奖励",,
盐城市的名为对获得国家级表彰的公共服务项目的项目。,"其发布时间是2023年3月24日。其政策名称是《盐城市先进制造业发展办法》其项目中,公共服务能力提升其支持政策的具体内容是给予20万元一次性奖励",,
盐城市的名为对首次获得省级公共服务平台的项目。,"其发布时间是2023年3月24日。其政策名称是《盐城市先进制造业发展办法》其项目中,公共服务能力提升其支持政策的具体内容是给予20万元一次性奖励",,
盐城市的名为对首次获得国家级、省级服务型制造示范企业的项目。,"其发布时间是2023年3月24日。其政策名称是《盐城市先进制造业发展办法》其项目中,服务型制造其支持政策的具体内容是分别给予50万元、20万元一次性奖励",,
盐城市的名为对首次获得国家级、省级工业设计中心的项目。,"其发布时间是2023年3月24日。其政策名称是《盐城市先进制造业发展办法》其项目中,服务型制造其支持政策的具体内容是分别给予50万元、20万元一次性奖励",,
盐城市的名为对获得工信部、省工信厅举办的工业设计大赛最高奖项的企业的项目。,"其发布时间是2023年3月24日。其政策名称是《盐城市先进制造业发展办法》其项目中,服务型制造其支持政策的具体内容是分别给予50万元、20万元一次性奖励",,
盐城市的名为对传统燃油车生产企业新研发上市的车型，首个年度销售达5万辆的项目。,"其发布时间是2023年3月24日。其政策名称是《盐城市先进制造业发展办法》其项目中,新车型研发销售其支持政策的具体内容是给予500万元一次性奖励(上市月度起单月平均销售5000台以上，按比例折算给予一次性奖励)",,
盐城市的名为新能源乘用车新上市车型，年度销售2000辆以上的项目。,"其发布时间是2023年3月24日。其政策名称是《盐城市先进制造业发展办法》其项目中,新车型研发销售其支持政策的具体内容是给予300万元一次性奖励",,
盐城市的名为年度销售1万辆以上的项目。,"其发布时间是2023年3月24日。其政策名称是《盐城市先进制造业发展办法》其项目中,新车型研发销售其支持政策的具体内容是给予1000万元一次性奖励",,
盐城市的名为在盐城市区举办的工业和信息化领域全国性峰会、博览会、展览会、行业发展等活动，的项目。,"其发布时间是2023年3月24日。其政策名称是《盐城市先进制造业发展办法》其项目中,新车型研发销售其支持政策的具体内容是按照国家级活动费用总额的30%，由市级财政给予承办单位一次性不超过50万元的补贴(市财政资金包干的不享受)",,
盐城市的名为支持企业参加省、市工业和信息化部门组织的重要展会活动的项目。,"其发布时间是2023年3月24日。其政策名称是《盐城市先进制造业发展办法》其项目中,新车型研发销售其支持政策的具体内容是给予参展企业展位费60%不超过5万元补贴",,
盐城市的名为通过政府购买服务等方式，为规上企业开展免费诊断服务，每家不高于10万元。的项目。,"其发布时间是2023年3月24日。其政策名称是《盐城市先进制造业发展办法》其项目中,免费诊断和轻量级改造其支持政策的具体内容是对纳入轻量级数字化改造试点的企业，按照必选应用场景总投入的70%、个性化改造场景投入的20%给予补助，单个企业不超过30万元；后续推广企业按照总投入的20%给予补助，最高不超过20万元。",,
盐城市的名为2022年、2023年、2024年分别按照“智改数转”项目贷款额的1.2%、1.1%、1%给予贴息，最高不超过200万元的项目。,"其发布时间是2023年3月24日。其政策名称是《盐城市先进制造业发展办法》其项目中,设立贷款贴息补助其支持政策的具体内容是对纳入轻量级数字化改造试点的企业，按照必选应用场景总投入的70%、个性化改造场景投入的20%给予补助，单个企业不超过30万元；后续推广企业按照总投入的20%给予补助，最高不超过20万元。",,
盐城市的名为建成国家级智能制造示范工厂、工业互联网试点示范、制造业与互联网融合发展示范试点的企业的项目。,"其发布时间是2023年3月24日。其政策名称是《盐城市先进制造业发展办法》其项目中,标杆企业培育其支持政策的具体内容是给予100万元一次性奖励",,
盐城市的名为首次获评省级“智改数转”领军服务商的企业的项目。,"其发布时间是2023年3月24日。其政策名称是《盐城市先进制造业发展办法》其项目中,标杆企业培育其支持政策的具体内容是给予100万元一次性奖励",,
盐城市的名为建成省级工业互联网平台、工业互联网标杆工厂和智能制造示范工厂的企业的项目。,"其发布时间是2023年3月24日。其政策名称是《盐城市先进制造业发展办法》其项目中,标杆企业培育其支持政策的具体内容是给予50万元一次性奖励",,
盐城市的名为首次获得省级示范智能车间的项目的项目。,"其发布时间是2023年3月24日。其政策名称是《盐城市先进制造业发展办法》其项目中,标杆企业培育其支持政策的具体内容是给予20万元一次性奖励",,
盐城市的名为标识解析二级节点项目，支持标识解析二级节点项目，对首次申报完成与国家顶级节点对接，且近2年累计标识解析量达到1亿、接入企业数达到300家的二级节点建设单位的项目。,"其发布时间是2023年3月24日。其政策名称是《盐城市先进制造业发展办法》其项目中,工业互联网发展其支持政策的具体内容是给予300万元一次性奖励",,
盐城市的名为首次被评为省五星上云企业的项目。,"其发布时间是2023年3月24日。其政策名称是《盐城市先进制造业发展办法》其项目中,工业互联网发展其支持政策的具体内容是给予50万元一次性奖励",,
盐城市的名为支持电信运营商新建5G基站(宏站)，年内建成500个以上的的项目。,"其发布时间是2023年3月24日。其政策名称是《盐城市先进制造业发展办法》其项目中,工业互联网发展其支持政策的具体内容是按照市区范围内每个基站2500元奖励",,
盐城市的名为年内建成1000个以上的，的项目。,"其发布时间是2023年3月24日。其政策名称是《盐城市先进制造业发展办法》其项目中,工业互联网发展其支持政策的具体内容是按照市区范围内每个基站3000元奖励，每个运营商年度奖励不超过500万元",,
盐城市的名为首次应税开票销售达到1亿元、5000万元、3000万元、1000万元的大数据企业的项目。,"其发布时间是2023年3月24日。其政策名称是《盐城市先进制造业发展办法》其项目中,数字产业企业能级提升其支持政策的具体内容是分别给予100万元、50万元、30万元、20万元的一次性奖励",,
盐城市的名为对获得省“i创杯”互联网创新创业大赛三等奖及以上的企业的项目。,"其发布时间是2023年3月24日。其政策名称是《盐城市先进制造业发展办法》其项目中,数字产业企业能级提升其支持政策的具体内容是给予20万元一次性奖励",,
盐城市的名为对首次入选互联网年度产品、企业，互联网大数据类优秀产品和应用解决方案的项目。,"其发布时间是2023年3月24日。其政策名称是《盐城市先进制造业发展办法》其项目中,数字产业企业能级提升其支持政策的具体内容是分别给予20万元一次性奖励",,
盐城市的名为对年度设备投资额200万元以上，节能量不少于300吨标煤的绿色化改造升级项目，的项目。,"其发布时间是2023年3月24日。其政策名称是《盐城市先进制造业发展办法》其项目中,节能降耗项目其支持政策的具体内容是按实际设备投资额的10%给予一次性奖励，最高不超过200万元",,
盐城市的名为对首次被工信部认定为绿色供应链管理示范企业、绿色工厂、绿色产品的项目。,"其发布时间是2023年3月24日。其政策名称是《盐城市先进制造业发展办法》其项目中,节能降耗项目其支持政策的具体内容是分别给予50万元、40万元、30万元一次性奖励",,
盐城市的名为对首次被省工信厅认定为绿色工厂的项目。,"其发布时间是2023年3月24日。其政策名称是《盐城市先进制造业发展办法》其项目中,节能降耗项目其支持政策的具体内容是给予30万元一次性奖励",,
盐城市的名为支持市级工业园区提升产业承载能力，对市级工业园区建设两层以上标准厂房(不含企业自建自用厂房)，年度建成面积达1万平方米、2万平方米、3万平方米以上，的项目。,"其发布时间是2023年3月24日。其政策名称是《盐城市先进制造业发展办法》其项目中,市级工业园区建设其支持政策的具体内容是分别给予园区管理机构20万元、50万元、80万元奖励其政策名称是《盐城市先进制造业发展办法》其项目中,市级工业园区建设其支持政策的具体内容是注：企业最终奖励标准按照《盐城市工业企业资源集约利用差别化政策清单》相关规定执行，单个企业享受创牌类免申直拨支持数量不超过2个，设备补贴类支持数量不超过1个，单个企业申报类项目年度奖补资金不超过1000万元。其政策名称是《东政办发〔2022〕23号东台市智改数转三年行动计划》其项目中,星级上云其支持政策的具体内容是对评为省级五星级上云企业、四星、三星，给予20万元、20万、10万一次性奖励，其政策名称是《东政办发〔2022〕23号东台市智改数转三年行动计划》其项目中,智能工厂、工业互联网平台、工业互联网标杆工厂其支持政策的具体内容是对新创国家级智能制造示范工厂、工业互联网试点示范、制造业与互联网融合发展示范试点的企业，给予300万元一次性奖励:对新认定省级工业互联网平台、工业互联网标杆工厂和智能制造示范工厂的企业，给予200万元一次性奖励。对首次评为省级以上制造业数字化典型应用场景及实践案例的企业，给予50万元一次性奖励。其政策名称是《东政办发〔2022〕23号东台市智改数转三年行动计划》其项目中,“智改数转”项目其支持政策的具体内容是对年度智能化设备及工业软件等有效投入500万元以上的“智改数转”项目，2022年、2023年、2024年分别按照项目年度投资额的12%、11%、10%给予补助，单个项目最高不超过500万元。其政策名称是《东政办发〔2022〕23号东台市智改数转三年行动计划》其项目中,制造业数字化典型应用场景及实践案例其支持政策的具体内容是对首次评为省级以上制造业数字化典型应用场景及实践案例的企业，给予50万元一次性奖励。其政策名称是《关千印发阜宁县规模以上工业企业智能化改造和数字化转型三年行动计划(2022-2024年）的通知》《关千印发阜宁县推进规模以上工业企业智能化改造和数字化转型实施方案的通知》其项目中,星级上云其支持政策的具体内容是对评为省级五星级上云企业、四星、三星，给予50万元、20万、5万一次性奖励，其政策名称是《关千印发阜宁县规模以上工业企业智能化改造和数字化转型三年行动计划(2022-2024年）的通知》《关千印发阜宁县推进规模以上工业企业智能化改造和数字化转型实施方案的通知》其项目中,智能制造示范工厂、工业互联网试点示范、制造业与互联网融合发展示范试点的企业其支持政策的具体内容是对建成国家智能制造示范工厂、工业互联网试点示范、制造业与互联网融合发展示范试点的企业，给予300万元一次性奖励；对建成省级工业互联网平台、工业互联网标杆工厂和智能制造示范工厂的企业，给予200万元一次性奖励其政策名称是《关千印发阜宁县规模以上工业企业智能化改造和数字化转型三年行动计划(2022-2024年）的通知》《关千印发阜宁县推进规模以上工业企业智能化改造和数字化转型实施方案的通知》其项目中,信息化改造和应用系统其支持政策的具体内容是工业企业通过专家诊断且按照诊断方案实施信息化改造和应用系统(SAP、MES、ERP等）投入超30万元，正常使用后按实际投资额的30%予以补助，单个企业最高不超过300万元；对工业企业技改引进工业机器人（含机械手）等高端智能装备的，按设备投入额的15%予以补助。其政策名称是《关千印发阜宁县规模以上工业企业智能化改造和数字化转型三年行动计划(2022-2024年）的通知》《关千印发阜宁县推进规模以上工业企业智能化改造和数字化转型实施方案的通知》其项目中,制造业数字化典型应用场景及实践案例其支持政策的具体内容是评为省级以上制造业数字化典型应用场景及实践案例的企业，给予50万元一次性奖励。其政策名称是《关千印发阜宁县规模以上工业企业智能化改造和数字化转型三年行动计划(2022-2024年）的通知》《关千印发阜宁县推进规模以上工业企业智能化改造和数字化转型实施方案的通知》其项目中,市级“智改数转“示范企业、工业互联网平台、工业数字化示范场景其支持政策的具体内容是对评为市级“智改数转“示范企业、工业互联网平台、工业数字化示范场景的企业，给予10万元一次性奖励。其政策名称是《关千印发阜宁县规模以上工业企业智能化改造和数字化转型三年行动计划(2022-2024年）的通知》《关千印发阜宁县推进规模以上工业企业智能化改造和数字化转型实施方案的通知》其项目中,工业互联网标识解析其支持政策的具体内容是对完成与国家顶级节点对接的二级节点建设单位，给予300万元一次性奖励；对接入工业互联网标识解析二级节点企业，按接入费用的50%予以补助。其政策名称是《关千印发阜宁县规模以上工业企业智能化改造和数字化转型三年行动计划(2022-2024年）的通知》《关千印发阜宁县推进规模以上工业企业智能化改造和数字化转型实施方案的通知》其项目中,两化融合管理体系贯标2.0其支持政策的具体内容是工业企业获批国家两化融合管理体系贯标认定证书，一次性奖励20万元；获批省两化融合贯标试点类企业，一次性奖励10万元。其政策名称是《关千印发阜宁县规模以上工业企业智能化改造和数字化转型三年行动计划(2022-2024年）的通知》《关千印发阜宁县推进规模以上工业企业智能化改造和数字化转型实施方案的通知》其项目中,5G融合应用示范项目其支持政策的具体内容是企业开展5G融合应用示范项目建设，奖补额度提高至50%,其政策名称是《关千印发阜宁县规模以上工业企业智能化改造和数字化转型三年行动计划(2022-2024年）的通知》《关千印发阜宁县推进规模以上工业企业智能化改造和数字化转型实施方案的通知》其项目中,标杆（示范）的项目其支持政策的具体内容是对列入省级或省级以上标杆（示范）的项目给予30万元一次性奖励。其政策名称是关于支持制造业高质量发展的政策意见-盐都其项目中,星级上云其支持政策的具体内容是对在省星级上云企业评定中获批的五星级、四星级、三星级上云企业，分别给予20万元、15万元、5万元的一次性奖励其政策名称是关于支持制造业高质量发展的政策意见-盐都其项目中,智能制造示范工厂、省级工业互联网标杆工厂、省智能制造示范车间其支持政策的具体内容是对获评省智能制造示范工厂、省级工业互联网标杆工厂、省智能制造示范车间的企业，分别给予150万元、100万元、50万元一次性奖励；其政策名称是关于支持制造业高质量发展的政策意见-盐都其项目中,市智改数转示范企业其支持政策的具体内容是对获评市智改数转示范企业，给予10一次性奖励其政策名称是关于支持制造业高质量发展的政策意见-盐都其项目中,省两化融合管理体系贯标其支持政策的具体内容是获得省两化融合管理体系贯标AAA、AA试点（培育）企业，取得两化融合管理体系AAA、AA评定证书，分别给予20万元、10万元一次性奖励。其政策名称是关于支持制造业高质量发展的政策意见-盐都其项目中,专精特新科技“小巨人”其支持政策的具体内容是对首次获得国家、省级、市级专精特新科技“小巨人”，分别给予100万元、30万元、10万元一次性奖励其政策名称是关于支持制造业高质量发展的政策意见-盐都其项目中,全国制造业单项冠军企业（产品）其支持政策的具体内容是对首次获得工信部全国制造业单项冠军企业（产品），给予100万元一次性奖励。其政策名称是《关于印发<盐城经济技术开发区关于加快“5G+工业互联网”发展若干措施>的通知》其项目中,星级上云其支持政策的具体内容是对在省星级上云企业评定中获批的五星级、四星级、三星级上云企业，分别给予50万元、30万元、5万元的一次性奖励其政策名称是《关于印发<盐城经济技术开发区关于加快“5G+工业互联网”发展若干措施>的通知》其项目中,工业互联网领域平台其支持政策的具体内容是对新入选国家尧省尧市工业互联网领域平台服务类企业袁分别给予最高100万元尧50万元尧20万元奖励曰对新入选国家尧省尧市工业互联网领域专业服务类企业袁分别给予最高50万元尧20万元尧10万元奖励遥其政策名称是《关于印发<盐城经济技术开发区关于加快“5G+工业互联网”发展若干措施>的通知》其项目中,工业互联网标杆工厂、智能工厂其支持政策的具体内容是对新获评并验收通过的国家级尧省级工业互联网标杆工厂或智能工厂项目分别给予500万元尧200万元一次性奖励曰其政策名称是《关于印发<盐城经济技术开发区关于加快“5G+工业互联网”发展若干措施>的通知》其项目中,智能车间其支持政策的具体内容是新获评国家级、省级示范智能车间的袁一次性奖励100万元，20万元其政策名称是《关于印发<盐城经济技术开发区关于加快“5G+工业互联网”发展若干措施>的通知》其项目中,两化融合管理贯标示范其支持政策的具体内容是对认定的国家两化融合管理贯标示范、试点企业，分别奖励50万元、20万元。对认定的省级两化融合管理体系贯标示范、试点企业，分别奖励15万元、5万元。对当年通过国家两化融合管理体系认定的奖励20万元。对认定的国家两化深度融合创新示范、试点企业，分别奖励50万元、20万元曰对认定的省级两化深度融合创新示范、试点企业分别奖励10万元，5万元。其政策名称是《盐城市大丰区规上工业企业智能化改造和数字化转型三年行动计划(2022-2024年)的通知》其项目中,星级上云其支持政策的具体内容是对首次认定的省级五星级上云、四星、三星给予50万元、30万、10万一法性奖励。其政策名称是《盐城市大丰区规上工业企业智能化改造和数字化转型三年行动计划(2022-2024年)的通知》其项目中,智能工厂、工业互联网发展示范企业其支持政策的具体内容是对建成国家级智能制造示范工厂、工业互联网试点示范、制造业与互联网融合发展示范试点的企业，给予300万元一次性奖励;对建成省级工业互联网平台、工业互联网标杆工厂和智能制造示范工厂的企业，给予200万元一次性奖励。对评为省级以上制造业数字化典型应用场景及实践案例的企业，给予50万元一次性奖励。其政策名称是关于印发《支持全县经济高质量发展的奖励办法》的通知其项目中,星级上云其支持政策的具体内容是对首次认定为省五星、四星、三星上云企业，分别给予30万元、20万元、5万元一次性奖励。其政策名称是关于印发《支持全县经济高质量发展的奖励办法》的通知其项目中,智能车间、智能工厂其支持政策的具体内容是对新认定的国家级、省级“智能工厂”分别给予200万元、100万元一次性奖励，“智能车间”分别给予50万元、30万元的一次性奖励。其政策名称是关于印发《支持全县经济高质量发展的奖励办法》的通知其项目中,工业互联网标杆工厂（工业互联网平台）其支持政策的具体内容是对首次认定的国家、省工业互联网标杆工厂（工业互联网平台），分别给予200万元、100万元一次性奖励。其政策名称是关于印发《支持全县经济高质量发展的奖励办法》的通知其项目中,两化融合管理体系贯标试点（互联网与工业融合创新示范）其支持政策的具体内容是对首次获评国家和省两化融合管理体系贯标试点（互联网与工业融合创新示范）企业，分别给予30万元、20万元一次性奖励。其政策名称是关于印发《支持全县经济高质量发展的奖励办法》的通知其项目中,5G示范项目其支持政策的具体内容是对新列入国家和省5G、工业互联网、大数据、云计算、物联网等试点示范项目的企业，分别给予100万元、30万元一次性奖励。其政策名称是《关于促进制造业“智改数转”的激励意见》建政发2022-22号其项目中,星级上云其支持政策的具体内容是对在省星级上云企业评定中获批的五星级、四星级、三星级上云企业，分别给予50万元、30万元、5万元的一次性奖励其政策名称是《关于促进制造业“智改数转”的激励意见》建政发2022-22号其项目中,智能工厂、工业互联网标杆工厂（平台）其支持政策的具体内容是对建成国家级智能制造示范工厂、工业互联网示范试点制造业与互联网融合发展示范试点的企业，给予300万元一次性奖励:对建成省级智能制造示范工厂、工业互联网标杆工厂和省重点工业互联网平台的企业，给予200万元一次性奖励;其政策名称是《关于促进制造业“智改数转”的激励意见》建政发2022-22号其项目中,智能车间其支持政策的具体内容是对新认定为省级示范智能车间，奖励20万元。其政策名称是《关于促进制造业“智改数转”的激励意见》建政发2022-22号其项目中,5G+工业互联网”融合应用其支持政策的具体内容是被认定为省“5G+工业互联网”融合应用示范项目的，按实际投资额的20%给予奖励，最高不超过30万元;其政策名称是《关于促进制造业“智改数转”的激励意见》建政发2022-22号其项目中,星级上云其支持政策的具体内容是对在省星级上云企业评定中获批的五星级、四星级上云企业，分别给予20万元、10万元的一次性奖励其政策名称是《关于促进制造业“智改数转”的激励意见》建政发2022-22号其项目中,星级上云其支持政策的具体内容是对在省星级上云企业评定中获批的五星级、四星级、三星级上云企业，分别给予20万元、10万元、5万元的一次性奖励其政策名称是《郭猛镇关于提升智能制造推动工业经济高质量发展的激励意见》区级以上政府及部门有专项奖励的，企业可重复享受；其项目中,星级上云其支持政策的具体内容是企业首次评定为四星、三星“上云”企业的，分别一次性奖励2万元，1万元。其政策名称是《郭猛镇关于提升智能制造推动工业经济高质量发展的激励意见》区级以上政府及部门有专项奖励的，企业可重复享受；其项目中,智能工厂、智能车间其支持政策的具体内容是企业首次新认定为国家级、省级示范智能工厂的企业，分别一次性奖励10万元、5万元；对新认定为国家级、省级示范智能车间的，分别一次性奖励5万元、3万元。其政策名称是《郭猛镇关于提升智能制造推动工业经济高质量发展的激励意见》区级以上政府及部门有专项奖励的，企业可重复享受；其项目中,星级上云其支持政策的具体内容是五星、四星、三星分别一次性奖补50、20、5万元，一年只能拿一次",,
,,,
扬州市的名为市级中小企业公共服务示范平台认定的项目。,其发布时间是2023年4月27日。其政策名称是关于开展2023年度市级中小企业公共服务示范平台认定工作的通知，其支持政策的具体内容是一、申报条件市级示范平台认定根据平台在建设水平、服务能力、服务绩效等方面情况进行综合评定，分一星、二星两个等级。市级示范平台原则上遵循逐级晋升原则，申报单位应根据自身实际情况合理选择申报相应星级。1.申报单位必须是符合《市认定办法》规定，为中小企业提供信息、技术、创业、融资、培训等服务的独立法人，在扬州注册且运营两年以上。2.有固定的经营服务场所和必要的服务设施、仪器设备等，资产总额不低于50万元。3.服务业绩突出，年服务中小企业50家以上（培训类平台服务企业不少于300家），用户满意度在85%以上。4.具有较强的专业服务能力，从事为中小企业服务的人员不少于6人，其中大专及以上学历、中级及以上技术职称的专业人员比例占80%以上。5.有健全的管理制度，规范的服务流程、合理的收费标准和完善的服务质量保证措施，对小微企业的服务要有相应的优惠条件，提供的公益性服务或低收费服务不少于总服务量的20%。6.具有较强的资源整合能力和服务辐射带动能力，集聚服务机构2家以上。7.按照有效期3年要求，2023年处于有效期最后一年的国家、省或市级示范平台需重新申报认定（详见附件）。8.获得国家、省、市小型微型企业创业创新示范基地（简称“示范基地”）认定，原则上不得新申报市级示范平台认定。二、申报程序1.平台申报：申报单位登录扬州市中小微企业公共服务平台——“易申报”系统（http://sme.yangzhou.gov.cn），于4月27日至5月31日完成线上申报，过期不予受理。2.县（市、区）审核：各地工信部门从扬州市中小微企业公共服务平台用户登录界面——部门登录端进入“易申报”审核端口（http://sme.yangzhou.gov.cn/login.html），于6月9日前完成辖区内示范平台申报材料审核。3.审查、评审与公示：市工信局对各地审核通过的单位进行材料审查、现场核查并组织专家评审，择优确定拟认定市级示范平台名单并公示，公示时间不少于5个工作日。市级示范平台实施动态管理，有效期三年，起止期为2024年1月1日—2026年12月31日。三、有关工作要求请各地工信部门于2023年6月9日前将2023年度市级中小企业公共服务示范平台推荐表（可在系统导出）盖章报送至市工信局服务体系建设处，并同步上传线上审核系统。联系人：曹天宇 联系电话：0514-82181720联系邮箱：819908671@qq.com技术支持：刘智慧18860926443、王志勇15952082870。,,
扬州市的名为工业互联网平台、工业互联网标杆工厂及智能工厂的项目。,其发布时间是2023年8月1日（更新时间：2023年8月1日）。其政策名称是《江苏省制造业智能化改造和数字化转型三年行动计划(2022-2024年)》《扬州市关于加快推进制造业智能化改造和数字化转型的实施意见》《扬州市“十四五”工业经济高质量发展规划》，其支持政策的具体内容是新获批省级工业互联网平台、工业互联网标杆工厂及智能工厂的企业，分别给予最高100万元的奖励。,,
扬州市的名为省首台(套)重大装备认定及推广的项目。,其发布时间是2023年8月1日（更新时间：2023年8月1日）。其政策名称是《江苏省制造业智能化改造和数字化转型三年行动计划(2022-2024年)》《扬州市关于加快推进制造业智能化改造和数字化转型的实施意见》《扬州市“十四五”工业经济高质量发展规划》，其支持政策的具体内容是对列入国家、省首台(套)重大装备认定及推广应用指导目录的产品，按照不高于年产品销售收入的10%给予补助，最高200万元。,,
扬州市的名为工业互联网建设的项目。,其发布时间是2023年8月1日（更新时间：2023年8月1日）。其政策名称是《江苏省制造业智能化改造和数字化转型三年行动计划(2022-2024年)》《扬州市关于加快推进制造业智能化改造和数字化转型的实施意见》《扬州市“十四五”工业经济高质量发展规划》，其支持政策的具体内容是省级及以上工业互联网平台，按照不高于年平台投入的13%给予补助，最高500万元。,,
扬州市的名为智能化改造的项目。,其发布时间是2023年8月1日（更新时间：2023年8月1日）。其政策名称是《江苏省制造业智能化改造和数字化转型三年行动计划(2022-2024年)》《扬州市关于加快推进制造业智能化改造和数字化转型的实施意见》《扬州市“十四五”工业经济高质量发展规划》，其支持政策的具体内容是对年智能制造设备、软件和技术服务投资额达到2000万元以上的项目，按照不高于投资额的13%给予补助，最高600万元。其政策名称是《2022年度市级智能化改造和数字化转型专项资金项目申报指南》，其支持政策的具体内容是对2022年1-8月份智能制设备、软件和技术服务发票总金额不低于2000万元（不含税，其中软件和技术服务费用不超过30%)，按照不高于发票总金额的13%给予补助，最高不超过600万元。。,,
扬州市的名为工业互联网建设的项目。,其发布时间是2022年8月24日。其政策名称是《2022年度市级智能化改造和数字化转型专项资金项目申报指南》，其支持政策的具体内容是1、省级（(含）以上重点工业互联网平台;2、2021年度平台总投入不低于200万元(不含税)，包括:服务器、防火墙、交换机、信息安全设备，与平台连接的设备、传感器、网关，软件和技术服务费用。以上按照不高于2021年度平台投入的13%给予补助，最高不超过500万元。。,,
扬州市的名为智能装备研制推广的项目。,其发布时间是2022年8月24日。其政策名称是《2022年度市级智能化改造和数字化转型专项资金项目申报指南》，其支持政策的具体内容是1、产品列入2021年度省首台（套)重大装备认定、推广应用指导目录;2、2021年度企业研发费用不低于300万元(不含税)，且首台(套）重大装备销售额不低于300万元（不含税)。以上按照不高于该首台(套）重大装备2021年度销售金额的10%进行奖补，最高不超过200万元。。,,
扬州市的名为智能工厂、标杆工厂的项目。,其发布时间是2022年8月24日。其政策名称是《2022年度市级智能化改造和数字化转型专项资金项目申报指南》，其支持政策的具体内容是1、2021年度获批国家智能制造、工业互联网、新─代信息技术与制造业融合发展、省级工业互联网标杆工厂、智能工厂的企业;2、2021年度企业设备及软件投入不低于500万元(不含税)。以上按照不高于2021年度投入的10%给予补助，获批国家级的最高不超过200万元，获批省级的最高不超过100万元。。,,
扬州市的名为领军服务商培育的项目。,其发布时间是2022年8月24日。其政策名称是《2022年度市级智能化改造和数字化转型专项资金项目申报指南》，其支持政策的具体内容是2021年度获批省级智能制造领军服务机构;2、2021年度对外承接的项目金额不低于1000万元(不含税)。按照不高于承接项目金额的2%给予奖励，最高不超过50万元。。,,
扬州市的名为园区数字化转型的项目。,其发布时间是2022年8月24日。其政策名称是《2022年度市级智能化改造和数字化转型专项资金项目申报指南》，其支持政策的具体内容是2021年度在网络部署、公共云平台建设、数据采集等数字化改造方面的设备和软件投入不低于300万元(不含税)，按照不高于2021年度投入总额的15%给予补助，最高不超过200万元。。,,
